date,sector,industry,employed_thousands
2019-01-01,Goods-Producing,Agriculture,285.9
2019-02-01,Goods-Producing,Agriculture,286.7
2019-03-01,Goods-Producing,Agriculture,285.3
2019-04-01,Goods-Producing,Agriculture,283.2
2019-05-01,Goods-Producing,Agriculture,285.6
2019-06-01,Goods-Producing,Agriculture,284.1
2019-07-01,Goods-Producing,Agriculture,284.2
2019-08-01,Goods-Producing,Agriculture,285.8
2019-09-01,Goods-Producing,Agriculture,286.8
2019-10-01,Goods-Producing,Agriculture,285.0
2019-11-01,Goods-Producing,Agriculture,285.4
2019-12-01,Goods-Producing,Agriculture,287.4
2020-01-01,Goods-Producing,Agriculture,285.3
2020-02-01,Goods-Producing,Agriculture,288.7
2020-03-01,Goods-Producing,Agriculture,283.2
2020-04-01,Goods-Producing,Agriculture,274.4
2020-05-01,Goods-Producing,Agriculture,280.5
2020-06-01,Goods-Producing,Agriculture,282.1
2020-07-01,Goods-Producing,Agriculture,284.7
2020-08-01,Goods-Producing,Agriculture,284.5
2020-09-01,Goods-Producing,Agriculture,283.5
2020-10-01,Goods-Producing,Agriculture,282.1
2020-11-01,Goods-Producing,Agriculture,283.8
2020-12-01,Goods-Producing,Agriculture,283.0
2021-01-01,Goods-Producing,Agriculture,283.7
2021-02-01,Goods-Producing,Agriculture,285.4
2021-03-01,Goods-Producing,Agriculture,287.0
2021-04-01,Goods-Producing,Agriculture,285.1
2021-05-01,Goods-Producing,Agriculture,282.9
2021-06-01,Goods-Producing,Agriculture,285.2
2021-07-01,Goods-Producing,Agriculture,286.3
2021-08-01,Goods-Producing,Agriculture,283.7
2021-09-01,Goods-Producing,Agriculture,284.4
2021-10-01,Goods-Producing,Agriculture,284.6
2021-11-01,Goods-Producing,Agriculture,283.5
2021-12-01,Goods-Producing,Agriculture,285.6
2022-01-01,Goods-Producing,Agriculture,285.3
2022-02-01,Goods-Producing,Agriculture,286.5
2022-03-01,Goods-Producing,Agriculture,285.0
2022-04-01,Goods-Producing,Agriculture,286.1
2022-05-01,Goods-Producing,Agriculture,288.2
2022-06-01,Goods-Producing,Agriculture,287.0
2022-07-01,Goods-Producing,Agriculture,290.5
2022-08-01,Goods-Producing,Agriculture,287.9
2022-09-01,Goods-Producing,Agriculture,289.2
2022-10-01,Goods-Producing,Agriculture,290.6
2022-11-01,Goods-Producing,Agriculture,287.7
2022-12-01,Goods-Producing,Agriculture,287.6
2023-01-01,Goods-Producing,Agriculture,288.4
2023-02-01,Goods-Producing,Agriculture,292.8
2023-03-01,Goods-Producing,Agriculture,290.6
2023-04-01,Goods-Producing,Agriculture,295.5
2023-05-01,Goods-Producing,Agriculture,291.5
2023-06-01,Goods-Producing,Agriculture,293.0
2023-07-01,Goods-Producing,Agriculture,295.3
2023-08-01,Goods-Producing,Agriculture,296.4
2023-09-01,Goods-Producing,Agriculture,296.9
2023-10-01,Goods-Producing,Agriculture,296.1
2023-11-01,Goods-Producing,Agriculture,296.3
2023-12-01,Goods-Producing,Agriculture,296.1
2024-01-01,Goods-Producing,Agriculture,296.8
2024-02-01,Goods-Producing,Agriculture,295.3
2024-03-01,Goods-Producing,Agriculture,295.4
2024-04-01,Goods-Producing,Agriculture,297.0
2024-05-01,Goods-Producing,Agriculture,297.2
2024-06-01,Goods-Producing,Agriculture,297.2
2024-07-01,Goods-Producing,Agriculture,299.2
2024-08-01,Goods-Producing,Agriculture,300.0
2024-09-01,Goods-Producing,Agriculture,299.2
2024-10-01,Goods-Producing,Agriculture,301.6
2024-11-01,Goods-Producing,Agriculture,298.3
2024-12-01,Goods-Producing,Agriculture,300.1
2019-01-01,Goods-Producing,"Forestry, Fishing & Mining",318.9
2019-02-01,Goods-Producing,"Forestry, Fishing & Mining",317.0
2019-03-01,Goods-Producing,"Forestry, Fishing & Mining",319.9
2019-04-01,Goods-Producing,"Forestry, Fishing & Mining",319.8
2019-05-01,Goods-Producing,"Forestry, Fishing & Mining",322.4
2019-06-01,Goods-Producing,"Forestry, Fishing & Mining",321.0
2019-07-01,Goods-Producing,"Forestry, Fishing & Mining",318.4
2019-08-01,Goods-Producing,"Forestry, Fishing & Mining",323.0
2019-09-01,Goods-Producing,"Forestry, Fishing & Mining",322.0
2019-10-01,Goods-Producing,"Forestry, Fishing & Mining",320.9
2019-11-01,Goods-Producing,"Forestry, Fishing & Mining",319.6
2019-12-01,Goods-Producing,"Forestry, Fishing & Mining",318.5
2020-01-01,Goods-Producing,"Forestry, Fishing & Mining",319.4
2020-02-01,Goods-Producing,"Forestry, Fishing & Mining",321.7
2020-03-01,Goods-Producing,"Forestry, Fishing & Mining",318.2
2020-04-01,Goods-Producing,"Forestry, Fishing & Mining",307.3
2020-05-01,Goods-Producing,"Forestry, Fishing & Mining",308.8
2020-06-01,Goods-Producing,"Forestry, Fishing & Mining",311.8
2020-07-01,Goods-Producing,"Forestry, Fishing & Mining",316.2
2020-08-01,Goods-Producing,"Forestry, Fishing & Mining",314.5
2020-09-01,Goods-Producing,"Forestry, Fishing & Mining",318.1
2020-10-01,Goods-Producing,"Forestry, Fishing & Mining",317.7
2020-11-01,Goods-Producing,"Forestry, Fishing & Mining",317.5
2020-12-01,Goods-Producing,"Forestry, Fishing & Mining",316.0
2021-01-01,Goods-Producing,"Forestry, Fishing & Mining",320.0
2021-02-01,Goods-Producing,"Forestry, Fishing & Mining",318.3
2021-03-01,Goods-Producing,"Forestry, Fishing & Mining",317.3
2021-04-01,Goods-Producing,"Forestry, Fishing & Mining",314.6
2021-05-01,Goods-Producing,"Forestry, Fishing & Mining",319.2
2021-06-01,Goods-Producing,"Forestry, Fishing & Mining",322.0
2021-07-01,Goods-Producing,"Forestry, Fishing & Mining",321.9
2021-08-01,Goods-Producing,"Forestry, Fishing & Mining",318.5
2021-09-01,Goods-Producing,"Forestry, Fishing & Mining",318.2
2021-10-01,Goods-Producing,"Forestry, Fishing & Mining",320.0
2021-11-01,Goods-Producing,"Forestry, Fishing & Mining",317.6
2021-12-01,Goods-Producing,"Forestry, Fishing & Mining",319.8
2022-01-01,Goods-Producing,"Forestry, Fishing & Mining",321.7
2022-02-01,Goods-Producing,"Forestry, Fishing & Mining",322.9
2022-03-01,Goods-Producing,"Forestry, Fishing & Mining",321.3
2022-04-01,Goods-Producing,"Forestry, Fishing & Mining",321.6
2022-05-01,Goods-Producing,"Forestry, Fishing & Mining",321.0
2022-06-01,Goods-Producing,"Forestry, Fishing & Mining",321.6
2022-07-01,Goods-Producing,"Forestry, Fishing & Mining",323.0
2022-08-01,Goods-Producing,"Forestry, Fishing & Mining",324.4
2022-09-01,Goods-Producing,"Forestry, Fishing & Mining",325.8
2022-10-01,Goods-Producing,"Forestry, Fishing & Mining",323.5
2022-11-01,Goods-Producing,"Forestry, Fishing & Mining",327.7
2022-12-01,Goods-Producing,"Forestry, Fishing & Mining",325.3
2023-01-01,Goods-Producing,"Forestry, Fishing & Mining",326.2
2023-02-01,Goods-Producing,"Forestry, Fishing & Mining",325.5
2023-03-01,Goods-Producing,"Forestry, Fishing & Mining",323.3
2023-04-01,Goods-Producing,"Forestry, Fishing & Mining",329.1
2023-05-01,Goods-Producing,"Forestry, Fishing & Mining",329.3
2023-06-01,Goods-Producing,"Forestry, Fishing & Mining",328.2
2023-07-01,Goods-Producing,"Forestry, Fishing & Mining",329.2
2023-08-01,Goods-Producing,"Forestry, Fishing & Mining",330.4
2023-09-01,Goods-Producing,"Forestry, Fishing & Mining",327.6
2023-10-01,Goods-Producing,"Forestry, Fishing & Mining",329.7
2023-11-01,Goods-Producing,"Forestry, Fishing & Mining",332.3
2023-12-01,Goods-Producing,"Forestry, Fishing & Mining",329.5
2024-01-01,Goods-Producing,"Forestry, Fishing & Mining",332.5
2024-02-01,Goods-Producing,"Forestry, Fishing & Mining",330.3
2024-03-01,Goods-Producing,"Forestry, Fishing & Mining",333.7
2024-04-01,Goods-Producing,"Forestry, Fishing & Mining",333.4
2024-05-01,Goods-Producing,"Forestry, Fishing & Mining",331.3
2024-06-01,Goods-Producing,"Forestry, Fishing & Mining",336.3
2024-07-01,Goods-Producing,"Forestry, Fishing & Mining",333.7
2024-08-01,Goods-Producing,"Forestry, Fishing & Mining",334.1
2024-09-01,Goods-Producing,"Forestry, Fishing & Mining",336.2
2024-10-01,Goods-Producing,"Forestry, Fishing & Mining",338.2
2024-11-01,Goods-Producing,"Forestry, Fishing & Mining",335.2
2024-12-01,Goods-Producing,"Forestry, Fishing & Mining",337.4
2019-01-01,Goods-Producing,Construction,1403.0
2019-02-01,Goods-Producing,Construction,1404.9
2019-03-01,Goods-Producing,Construction,1401.2
2019-04-01,Goods-Producing,Construction,1397.4
2019-05-01,Goods-Producing,Construction,1394.2
2019-06-01,Goods-Producing,Construction,1400.6
2019-07-01,Goods-Producing,Construction,1392.5
2019-08-01,Goods-Producing,Construction,1379.6
2019-09-01,Goods-Producing,Construction,1403.1
2019-10-01,Goods-Producing,Construction,1406.3
2019-11-01,Goods-Producing,Construction,1383.5
2019-12-01,Goods-Producing,Construction,1392.9
2020-01-01,Goods-Producing,Construction,1404.3
2020-02-01,Goods-Producing,Construction,1414.4
2020-03-01,Goods-Producing,Construction,1366.5
2020-04-01,Goods-Producing,Construction,1288.5
2020-05-01,Goods-Producing,Construction,1325.9
2020-06-01,Goods-Producing,Construction,1364.8
2020-07-01,Goods-Producing,Construction,1367.5
2020-08-01,Goods-Producing,Construction,1375.4
2020-09-01,Goods-Producing,Construction,1379.8
2020-10-01,Goods-Producing,Construction,1378.8
2020-11-01,Goods-Producing,Construction,1388.5
2020-12-01,Goods-Producing,Construction,1401.3
2021-01-01,Goods-Producing,Construction,1396.7
2021-02-01,Goods-Producing,Construction,1392.6
2021-03-01,Goods-Producing,Construction,1392.4
2021-04-01,Goods-Producing,Construction,1383.5
2021-05-01,Goods-Producing,Construction,1400.6
2021-06-01,Goods-Producing,Construction,1393.9
2021-07-01,Goods-Producing,Construction,1393.1
2021-08-01,Goods-Producing,Construction,1416.8
2021-09-01,Goods-Producing,Construction,1396.5
2021-10-01,Goods-Producing,Construction,1389.1
2021-11-01,Goods-Producing,Construction,1391.4
2021-12-01,Goods-Producing,Construction,1403.6
2022-01-01,Goods-Producing,Construction,1402.9
2022-02-01,Goods-Producing,Construction,1394.1
2022-03-01,Goods-Producing,Construction,1412.7
2022-04-01,Goods-Producing,Construction,1403.7
2022-05-01,Goods-Producing,Construction,1423.6
2022-06-01,Goods-Producing,Construction,1420.2
2022-07-01,Goods-Producing,Construction,1411.6
2022-08-01,Goods-Producing,Construction,1425.8
2022-09-01,Goods-Producing,Construction,1419.4
2022-10-01,Goods-Producing,Construction,1427.0
2022-11-01,Goods-Producing,Construction,1426.5
2022-12-01,Goods-Producing,Construction,1419.3
2023-01-01,Goods-Producing,Construction,1422.8
2023-02-01,Goods-Producing,Construction,1436.6
2023-03-01,Goods-Producing,Construction,1429.2
2023-04-01,Goods-Producing,Construction,1430.8
2023-05-01,Goods-Producing,Construction,1429.0
2023-06-01,Goods-Producing,Construction,1440.8
2023-07-01,Goods-Producing,Construction,1454.3
2023-08-01,Goods-Producing,Construction,1434.5
2023-09-01,Goods-Producing,Construction,1444.3
2023-10-01,Goods-Producing,Construction,1456.1
2023-11-01,Goods-Producing,Construction,1447.7
2023-12-01,Goods-Producing,Construction,1453.6
2024-01-01,Goods-Producing,Construction,1445.1
2024-02-01,Goods-Producing,Construction,1457.6
2024-03-01,Goods-Producing,Construction,1455.4
2024-04-01,Goods-Producing,Construction,1465.7
2024-05-01,Goods-Producing,Construction,1469.2
2024-06-01,Goods-Producing,Construction,1481.1
2024-07-01,Goods-Producing,Construction,1469.2
2024-08-01,Goods-Producing,Construction,1469.5
2024-09-01,Goods-Producing,Construction,1470.7
2024-10-01,Goods-Producing,Construction,1468.9
2024-11-01,Goods-Producing,Construction,1475.9
2024-12-01,Goods-Producing,Construction,1473.5
2019-01-01,Goods-Producing,Manufacturing,1751.5
2019-02-01,Goods-Producing,Manufacturing,1761.5
2019-03-01,Goods-Producing,Manufacturing,1741.2
2019-04-01,Goods-Producing,Manufacturing,1760.0
2019-05-01,Goods-Producing,Manufacturing,1761.5
2019-06-01,Goods-Producing,Manufacturing,1749.0
2019-07-01,Goods-Producing,Manufacturing,1731.4
2019-08-01,Goods-Producing,Manufacturing,1744.7
2019-09-01,Goods-Producing,Manufacturing,1761.3
2019-10-01,Goods-Producing,Manufacturing,1749.8
2019-11-01,Goods-Producing,Manufacturing,1741.3
2019-12-01,Goods-Producing,Manufacturing,1745.6
2020-01-01,Goods-Producing,Manufacturing,1757.4
2020-02-01,Goods-Producing,Manufacturing,1754.8
2020-03-01,Goods-Producing,Manufacturing,1700.7
2020-04-01,Goods-Producing,Manufacturing,1597.2
2020-05-01,Goods-Producing,Manufacturing,1644.2
2020-06-01,Goods-Producing,Manufacturing,1678.9
2020-07-01,Goods-Producing,Manufacturing,1724.8
2020-08-01,Goods-Producing,Manufacturing,1720.4
2020-09-01,Goods-Producing,Manufacturing,1737.0
2020-10-01,Goods-Producing,Manufacturing,1742.8
2020-11-01,Goods-Producing,Manufacturing,1741.4
2020-12-01,Goods-Producing,Manufacturing,1732.0
2021-01-01,Goods-Producing,Manufacturing,1745.7
2021-02-01,Goods-Producing,Manufacturing,1741.9
2021-03-01,Goods-Producing,Manufacturing,1734.2
2021-04-01,Goods-Producing,Manufacturing,1745.0
2021-05-01,Goods-Producing,Manufacturing,1731.8
2021-06-01,Goods-Producing,Manufacturing,1752.5
2021-07-01,Goods-Producing,Manufacturing,1738.1
2021-08-01,Goods-Producing,Manufacturing,1743.9
2021-09-01,Goods-Producing,Manufacturing,1744.6
2021-10-01,Goods-Producing,Manufacturing,1739.9
2021-11-01,Goods-Producing,Manufacturing,1747.3
2021-12-01,Goods-Producing,Manufacturing,1739.5
2022-01-01,Goods-Producing,Manufacturing,1760.2
2022-02-01,Goods-Producing,Manufacturing,1743.5
2022-03-01,Goods-Producing,Manufacturing,1759.0
2022-04-01,Goods-Producing,Manufacturing,1777.5
2022-05-01,Goods-Producing,Manufacturing,1754.4
2022-06-01,Goods-Producing,Manufacturing,1759.8
2022-07-01,Goods-Producing,Manufacturing,1772.9
2022-08-01,Goods-Producing,Manufacturing,1772.6
2022-09-01,Goods-Producing,Manufacturing,1776.7
2022-10-01,Goods-Producing,Manufacturing,1780.5
2022-11-01,Goods-Producing,Manufacturing,1784.4
2022-12-01,Goods-Producing,Manufacturing,1791.2
2023-01-01,Goods-Producing,Manufacturing,1787.7
2023-02-01,Goods-Producing,Manufacturing,1784.6
2023-03-01,Goods-Producing,Manufacturing,1795.3
2023-04-01,Goods-Producing,Manufacturing,1808.6
2023-05-01,Goods-Producing,Manufacturing,1793.5
2023-06-01,Goods-Producing,Manufacturing,1788.7
2023-07-01,Goods-Producing,Manufacturing,1809.6
2023-08-01,Goods-Producing,Manufacturing,1801.4
2023-09-01,Goods-Producing,Manufacturing,1786.1
2023-10-01,Goods-Producing,Manufacturing,1815.2
2023-11-01,Goods-Producing,Manufacturing,1805.7
2023-12-01,Goods-Producing,Manufacturing,1812.2
2024-01-01,Goods-Producing,Manufacturing,1818.5
2024-02-01,Goods-Producing,Manufacturing,1819.9
2024-03-01,Goods-Producing,Manufacturing,1827.1
2024-04-01,Goods-Producing,Manufacturing,1819.7
2024-05-01,Goods-Producing,Manufacturing,1830.6
2024-06-01,Goods-Producing,Manufacturing,1826.5
2024-07-01,Goods-Producing,Manufacturing,1837.8
2024-08-01,Goods-Producing,Manufacturing,1839.4
2024-09-01,Goods-Producing,Manufacturing,1828.4
2024-10-01,Goods-Producing,Manufacturing,1848.8
2024-11-01,Goods-Producing,Manufacturing,1837.2
2024-12-01,Goods-Producing,Manufacturing,1851.6
2019-01-01,Services-Producing,Wholesale & Retail Trade,2955.4
2019-02-01,Services-Producing,Wholesale & Retail Trade,2977.1
2019-03-01,Services-Producing,Wholesale & Retail Trade,2946.7
2019-04-01,Services-Producing,Wholesale & Retail Trade,2944.8
2019-05-01,Services-Producing,Wholesale & Retail Trade,2949.7
2019-06-01,Services-Producing,Wholesale & Retail Trade,2945.5
2019-07-01,Services-Producing,Wholesale & Retail Trade,2961.8
2019-08-01,Services-Producing,Wholesale & Retail Trade,2926.2
2019-09-01,Services-Producing,Wholesale & Retail Trade,2934.5
2019-10-01,Services-Producing,Wholesale & Retail Trade,2934.2
2019-11-01,Services-Producing,Wholesale & Retail Trade,2964.0
2019-12-01,Services-Producing,Wholesale & Retail Trade,2975.2
2020-01-01,Services-Producing,Wholesale & Retail Trade,2948.5
2020-02-01,Services-Producing,Wholesale & Retail Trade,2947.5
2020-03-01,Services-Producing,Wholesale & Retail Trade,2844.8
2020-04-01,Services-Producing,Wholesale & Retail Trade,2630.8
2020-05-01,Services-Producing,Wholesale & Retail Trade,2706.2
2020-06-01,Services-Producing,Wholesale & Retail Trade,2811.9
2020-07-01,Services-Producing,Wholesale & Retail Trade,2875.9
2020-08-01,Services-Producing,Wholesale & Retail Trade,2897.2
2020-09-01,Services-Producing,Wholesale & Retail Trade,2899.7
2020-10-01,Services-Producing,Wholesale & Retail Trade,2918.7
2020-11-01,Services-Producing,Wholesale & Retail Trade,2871.2
2020-12-01,Services-Producing,Wholesale & Retail Trade,2928.1
2021-01-01,Services-Producing,Wholesale & Retail Trade,2922.7
2021-02-01,Services-Producing,Wholesale & Retail Trade,2905.3
2021-03-01,Services-Producing,Wholesale & Retail Trade,2939.8
2021-04-01,Services-Producing,Wholesale & Retail Trade,2952.6
2021-05-01,Services-Producing,Wholesale & Retail Trade,2930.3
2021-06-01,Services-Producing,Wholesale & Retail Trade,2946.4
2021-07-01,Services-Producing,Wholesale & Retail Trade,2956.1
2021-08-01,Services-Producing,Wholesale & Retail Trade,2951.7
2021-09-01,Services-Producing,Wholesale & Retail Trade,2956.5
2021-10-01,Services-Producing,Wholesale & Retail Trade,2943.2
2021-11-01,Services-Producing,Wholesale & Retail Trade,2933.4
2021-12-01,Services-Producing,Wholesale & Retail Trade,2912.2
2022-01-01,Services-Producing,Wholesale & Retail Trade,2950.8
2022-02-01,Services-Producing,Wholesale & Retail Trade,2946.4
2022-03-01,Services-Producing,Wholesale & Retail Trade,2995.3
2022-04-01,Services-Producing,Wholesale & Retail Trade,2965.1
2022-05-01,Services-Producing,Wholesale & Retail Trade,2973.9
2022-06-01,Services-Producing,Wholesale & Retail Trade,2984.7
2022-07-01,Services-Producing,Wholesale & Retail Trade,2981.6
2022-08-01,Services-Producing,Wholesale & Retail Trade,3010.4
2022-09-01,Services-Producing,Wholesale & Retail Trade,2980.6
2022-10-01,Services-Producing,Wholesale & Retail Trade,2997.1
2022-11-01,Services-Producing,Wholesale & Retail Trade,2987.7
2022-12-01,Services-Producing,Wholesale & Retail Trade,2983.6
2023-01-01,Services-Producing,Wholesale & Retail Trade,2998.5
2023-02-01,Services-Producing,Wholesale & Retail Trade,3011.4
2023-03-01,Services-Producing,Wholesale & Retail Trade,3010.0
2023-04-01,Services-Producing,Wholesale & Retail Trade,3010.6
2023-05-01,Services-Producing,Wholesale & Retail Trade,3004.5
2023-06-01,Services-Producing,Wholesale & Retail Trade,3028.4
2023-07-01,Services-Producing,Wholesale & Retail Trade,3011.9
2023-08-01,Services-Producing,Wholesale & Retail Trade,3049.7
2023-09-01,Services-Producing,Wholesale & Retail Trade,3044.1
2023-10-01,Services-Producing,Wholesale & Retail Trade,3025.9
2023-11-01,Services-Producing,Wholesale & Retail Trade,3047.2
2023-12-01,Services-Producing,Wholesale & Retail Trade,3045.1
2024-01-01,Services-Producing,Wholesale & Retail Trade,3065.3
2024-02-01,Services-Producing,Wholesale & Retail Trade,3084.8
2024-03-01,Services-Producing,Wholesale & Retail Trade,3041.8
2024-04-01,Services-Producing,Wholesale & Retail Trade,3075.6
2024-05-01,Services-Producing,Wholesale & Retail Trade,3076.0
2024-06-01,Services-Producing,Wholesale & Retail Trade,3092.7
2024-07-01,Services-Producing,Wholesale & Retail Trade,3090.3
2024-08-01,Services-Producing,Wholesale & Retail Trade,3080.5
2024-09-01,Services-Producing,Wholesale & Retail Trade,3091.3
2024-10-01,Services-Producing,Wholesale & Retail Trade,3088.7
2024-11-01,Services-Producing,Wholesale & Retail Trade,3120.7
2024-12-01,Services-Producing,Wholesale & Retail Trade,3109.6
2019-01-01,Services-Producing,Transportation & Warehousing,969.1
2019-02-01,Services-Producing,Transportation & Warehousing,959.7
2019-03-01,Services-Producing,Transportation & Warehousing,956.6
2019-04-01,Services-Producing,Transportation & Warehousing,952.7
2019-05-01,Services-Producing,Transportation & Warehousing,951.3
2019-06-01,Services-Producing,Transportation & Warehousing,952.4
2019-07-01,Services-Producing,Transportation & Warehousing,961.3
2019-08-01,Services-Producing,Transportation & Warehousing,962.4
2019-09-01,Services-Producing,Transportation & Warehousing,952.4
2019-10-01,Services-Producing,Transportation & Warehousing,964.3
2019-11-01,Services-Producing,Transportation & Warehousing,957.7
2019-12-01,Services-Producing,Transportation & Warehousing,960.7
2020-01-01,Services-Producing,Transportation & Warehousing,967.7
2020-02-01,Services-Producing,Transportation & Warehousing,964.3
2020-03-01,Services-Producing,Transportation & Warehousing,929.9
2020-04-01,Services-Producing,Transportation & Warehousing,864.5
2020-05-01,Services-Producing,Transportation & Warehousing,887.3
2020-06-01,Services-Producing,Transportation & Warehousing,918.1
2020-07-01,Services-Producing,Transportation & Warehousing,935.0
2020-08-01,Services-Producing,Transportation & Warehousing,938.9
2020-09-01,Services-Producing,Transportation & Warehousing,945.0
2020-10-01,Services-Producing,Transportation & Warehousing,947.9
2020-11-01,Services-Producing,Transportation & Warehousing,948.4
2020-12-01,Services-Producing,Transportation & Warehousing,948.2
2021-01-01,Services-Producing,Transportation & Warehousing,956.0
2021-02-01,Services-Producing,Transportation & Warehousing,957.3
2021-03-01,Services-Producing,Transportation & Warehousing,950.0
2021-04-01,Services-Producing,Transportation & Warehousing,962.0
2021-05-01,Services-Producing,Transportation & Warehousing,954.7
2021-06-01,Services-Producing,Transportation & Warehousing,955.3
2021-07-01,Services-Producing,Transportation & Warehousing,958.6
2021-08-01,Services-Producing,Transportation & Warehousing,956.3
2021-09-01,Services-Producing,Transportation & Warehousing,959.8
2021-10-01,Services-Producing,Transportation & Warehousing,956.6
2021-11-01,Services-Producing,Transportation & Warehousing,952.3
2021-12-01,Services-Producing,Transportation & Warehousing,957.9
2022-01-01,Services-Producing,Transportation & Warehousing,956.0
2022-02-01,Services-Producing,Transportation & Warehousing,963.4
2022-03-01,Services-Producing,Transportation & Warehousing,964.2
2022-04-01,Services-Producing,Transportation & Warehousing,964.8
2022-05-01,Services-Producing,Transportation & Warehousing,966.6
2022-06-01,Services-Producing,Transportation & Warehousing,959.6
2022-07-01,Services-Producing,Transportation & Warehousing,967.4
2022-08-01,Services-Producing,Transportation & Warehousing,972.0
2022-09-01,Services-Producing,Transportation & Warehousing,973.7
2022-10-01,Services-Producing,Transportation & Warehousing,969.5
2022-11-01,Services-Producing,Transportation & Warehousing,981.9
2022-12-01,Services-Producing,Transportation & Warehousing,973.1
2023-01-01,Services-Producing,Transportation & Warehousing,983.4
2023-02-01,Services-Producing,Transportation & Warehousing,982.2
2023-03-01,Services-Producing,Transportation & Warehousing,978.5
2023-04-01,Services-Producing,Transportation & Warehousing,991.6
2023-05-01,Services-Producing,Transportation & Warehousing,978.8
2023-06-01,Services-Producing,Transportation & Warehousing,990.3
2023-07-01,Services-Producing,Transportation & Warehousing,992.2
2023-08-01,Services-Producing,Transportation & Warehousing,985.6
2023-09-01,Services-Producing,Transportation & Warehousing,996.9
2023-10-01,Services-Producing,Transportation & Warehousing,990.5
2023-11-01,Services-Producing,Transportation & Warehousing,994.5
2023-12-01,Services-Producing,Transportation & Warehousing,995.8
2024-01-01,Services-Producing,Transportation & Warehousing,995.4
2024-02-01,Services-Producing,Transportation & Warehousing,1001.3
2024-03-01,Services-Producing,Transportation & Warehousing,1002.7
2024-04-01,Services-Producing,Transportation & Warehousing,991.9
2024-05-01,Services-Producing,Transportation & Warehousing,1008.0
2024-06-01,Services-Producing,Transportation & Warehousing,995.2
2024-07-01,Services-Producing,Transportation & Warehousing,1009.6
2024-08-01,Services-Producing,Transportation & Warehousing,1011.5
2024-09-01,Services-Producing,Transportation & Warehousing,1002.3
2024-10-01,Services-Producing,Transportation & Warehousing,1007.0
2024-11-01,Services-Producing,Transportation & Warehousing,1005.1
2024-12-01,Services-Producing,Transportation & Warehousing,1010.8
2019-01-01,Services-Producing,"Finance, Insurance & Real Estate",1128.3
2019-02-01,Services-Producing,"Finance, Insurance & Real Estate",1134.4
2019-03-01,Services-Producing,"Finance, Insurance & Real Estate",1137.4
2019-04-01,Services-Producing,"Finance, Insurance & Real Estate",1137.9
2019-05-01,Services-Producing,"Finance, Insurance & Real Estate",1126.8
2019-06-01,Services-Producing,"Finance, Insurance & Real Estate",1128.8
2019-07-01,Services-Producing,"Finance, Insurance & Real Estate",1120.5
2019-08-01,Services-Producing,"Finance, Insurance & Real Estate",1125.4
2019-09-01,Services-Producing,"Finance, Insurance & Real Estate",1135.5
2019-10-01,Services-Producing,"Finance, Insurance & Real Estate",1139.1
2019-11-01,Services-Producing,"Finance, Insurance & Real Estate",1123.0
2019-12-01,Services-Producing,"Finance, Insurance & Real Estate",1126.7
2020-01-01,Services-Producing,"Finance, Insurance & Real Estate",1129.9
2020-02-01,Services-Producing,"Finance, Insurance & Real Estate",1131.6
2020-03-01,Services-Producing,"Finance, Insurance & Real Estate",1111.9
2020-04-01,Services-Producing,"Finance, Insurance & Real Estate",1089.5
2020-05-01,Services-Producing,"Finance, Insurance & Real Estate",1097.9
2020-06-01,Services-Producing,"Finance, Insurance & Real Estate",1111.8
2020-07-01,Services-Producing,"Finance, Insurance & Real Estate",1121.8
2020-08-01,Services-Producing,"Finance, Insurance & Real Estate",1122.4
2020-09-01,Services-Producing,"Finance, Insurance & Real Estate",1120.8
2020-10-01,Services-Producing,"Finance, Insurance & Real Estate",1123.5
2020-11-01,Services-Producing,"Finance, Insurance & Real Estate",1124.5
2020-12-01,Services-Producing,"Finance, Insurance & Real Estate",1123.8
2021-01-01,Services-Producing,"Finance, Insurance & Real Estate",1126.3
2021-02-01,Services-Producing,"Finance, Insurance & Real Estate",1136.8
2021-03-01,Services-Producing,"Finance, Insurance & Real Estate",1130.9
2021-04-01,Services-Producing,"Finance, Insurance & Real Estate",1126.1
2021-05-01,Services-Producing,"Finance, Insurance & Real Estate",1131.7
2021-06-01,Services-Producing,"Finance, Insurance & Real Estate",1125.9
2021-07-01,Services-Producing,"Finance, Insurance & Real Estate",1134.4
2021-08-01,Services-Producing,"Finance, Insurance & Real Estate",1129.8
2021-09-01,Services-Producing,"Finance, Insurance & Real Estate",1127.1
2021-10-01,Services-Producing,"Finance, Insurance & Real Estate",1130.3
2021-11-01,Services-Producing,"Finance, Insurance & Real Estate",1118.9
2021-12-01,Services-Producing,"Finance, Insurance & Real Estate",1121.8
2022-01-01,Services-Producing,"Finance, Insurance & Real Estate",1124.9
2022-02-01,Services-Producing,"Finance, Insurance & Real Estate",1134.2
2022-03-01,Services-Producing,"Finance, Insurance & Real Estate",1144.9
2022-04-01,Services-Producing,"Finance, Insurance & Real Estate",1149.4
2022-05-01,Services-Producing,"Finance, Insurance & Real Estate",1142.1
2022-06-01,Services-Producing,"Finance, Insurance & Real Estate",1143.0
2022-07-01,Services-Producing,"Finance, Insurance & Real Estate",1131.7
2022-08-01,Services-Producing,"Finance, Insurance & Real Estate",1140.5
2022-09-01,Services-Producing,"Finance, Insurance & Real Estate",1140.8
2022-10-01,Services-Producing,"Finance, Insurance & Real Estate",1143.4
2022-11-01,Services-Producing,"Finance, Insurance & Real Estate",1147.7
2022-12-01,Services-Producing,"Finance, Insurance & Real Estate",1147.7
2023-01-01,Services-Producing,"Finance, Insurance & Real Estate",1140.9
2023-02-01,Services-Producing,"Finance, Insurance & Real Estate",1158.0
2023-03-01,Services-Producing,"Finance, Insurance & Real Estate",1149.4
2023-04-01,Services-Producing,"Finance, Insurance & Real Estate",1158.5
2023-05-01,Services-Producing,"Finance, Insurance & Real Estate",1170.5
2023-06-01,Services-Producing,"Finance, Insurance & Real Estate",1155.3
2023-07-01,Services-Producing,"Finance, Insurance & Real Estate",1147.9
2023-08-01,Services-Producing,"Finance, Insurance & Real Estate",1162.3
2023-09-01,Services-Producing,"Finance, Insurance & Real Estate",1171.8
2023-10-01,Services-Producing,"Finance, Insurance & Real Estate",1178.4
2023-11-01,Services-Producing,"Finance, Insurance & Real Estate",1162.0
2023-12-01,Services-Producing,"Finance, Insurance & Real Estate",1173.5
2024-01-01,Services-Producing,"Finance, Insurance & Real Estate",1169.7
2024-02-01,Services-Producing,"Finance, Insurance & Real Estate",1173.5
2024-03-01,Services-Producing,"Finance, Insurance & Real Estate",1190.7
2024-04-01,Services-Producing,"Finance, Insurance & Real Estate",1169.0
2024-05-01,Services-Producing,"Finance, Insurance & Real Estate",1180.6
2024-06-01,Services-Producing,"Finance, Insurance & Real Estate",1183.5
2024-07-01,Services-Producing,"Finance, Insurance & Real Estate",1188.7
2024-08-01,Services-Producing,"Finance, Insurance & Real Estate",1184.8
2024-09-01,Services-Producing,"Finance, Insurance & Real Estate",1187.7
2024-10-01,Services-Producing,"Finance, Insurance & Real Estate",1185.4
2024-11-01,Services-Producing,"Finance, Insurance & Real Estate",1190.8
2024-12-01,Services-Producing,"Finance, Insurance & Real Estate",1189.1
2019-01-01,Services-Producing,Professional & Scientific,1454.5
2019-02-01,Services-Producing,Professional & Scientific,1447.3
2019-03-01,Services-Producing,Professional & Scientific,1452.7
2019-04-01,Services-Producing,Professional & Scientific,1449.8
2019-05-01,Services-Producing,Professional & Scientific,1458.2
2019-06-01,Services-Producing,Professional & Scientific,1449.6
2019-07-01,Services-Producing,Professional & Scientific,1437.1
2019-08-01,Services-Producing,Professional & Scientific,1459.1
2019-09-01,Services-Producing,Professional & Scientific,1443.4
2019-10-01,Services-Producing,Professional & Scientific,1445.3
2019-11-01,Services-Producing,Professional & Scientific,1445.7
2019-12-01,Services-Producing,Professional & Scientific,1460.0
2020-01-01,Services-Producing,Professional & Scientific,1434.5
2020-02-01,Services-Producing,Professional & Scientific,1472.7
2020-03-01,Services-Producing,Professional & Scientific,1444.6
2020-04-01,Services-Producing,Professional & Scientific,1410.3
2020-05-01,Services-Producing,Professional & Scientific,1421.3
2020-06-01,Services-Producing,Professional & Scientific,1434.7
2020-07-01,Services-Producing,Professional & Scientific,1442.9
2020-08-01,Services-Producing,Professional & Scientific,1447.3
2020-09-01,Services-Producing,Professional & Scientific,1447.5
2020-10-01,Services-Producing,Professional & Scientific,1445.0
2020-11-01,Services-Producing,Professional & Scientific,1443.8
2020-12-01,Services-Producing,Professional & Scientific,1445.0
2021-01-01,Services-Producing,Professional & Scientific,1446.4
2021-02-01,Services-Producing,Professional & Scientific,1456.0
2021-03-01,Services-Producing,Professional & Scientific,1452.1
2021-04-01,Services-Producing,Professional & Scientific,1426.5
2021-05-01,Services-Producing,Professional & Scientific,1452.6
2021-06-01,Services-Producing,Professional & Scientific,1449.2
2021-07-01,Services-Producing,Professional & Scientific,1447.7
2021-08-01,Services-Producing,Professional & Scientific,1445.0
2021-09-01,Services-Producing,Professional & Scientific,1456.0
2021-10-01,Services-Producing,Professional & Scientific,1454.7
2021-11-01,Services-Producing,Professional & Scientific,1442.2
2021-12-01,Services-Producing,Professional & Scientific,1451.2
2022-01-01,Services-Producing,Professional & Scientific,1445.1
2022-02-01,Services-Producing,Professional & Scientific,1444.3
2022-03-01,Services-Producing,Professional & Scientific,1452.0
2022-04-01,Services-Producing,Professional & Scientific,1465.0
2022-05-01,Services-Producing,Professional & Scientific,1467.8
2022-06-01,Services-Producing,Professional & Scientific,1466.8
2022-07-01,Services-Producing,Professional & Scientific,1470.5
2022-08-01,Services-Producing,Professional & Scientific,1471.1
2022-09-01,Services-Producing,Professional & Scientific,1464.9
2022-10-01,Services-Producing,Professional & Scientific,1474.9
2022-11-01,Services-Producing,Professional & Scientific,1479.7
2022-12-01,Services-Producing,Professional & Scientific,1481.6
2023-01-01,Services-Producing,Professional & Scientific,1486.9
2023-02-01,Services-Producing,Professional & Scientific,1485.6
2023-03-01,Services-Producing,Professional & Scientific,1485.2
2023-04-01,Services-Producing,Professional & Scientific,1492.6
2023-05-01,Services-Producing,Professional & Scientific,1486.8
2023-06-01,Services-Producing,Professional & Scientific,1482.8
2023-07-01,Services-Producing,Professional & Scientific,1490.1
2023-08-01,Services-Producing,Professional & Scientific,1488.1
2023-09-01,Services-Producing,Professional & Scientific,1490.8
2023-10-01,Services-Producing,Professional & Scientific,1496.8
2023-11-01,Services-Producing,Professional & Scientific,1494.3
2023-12-01,Services-Producing,Professional & Scientific,1500.0
2024-01-01,Services-Producing,Professional & Scientific,1490.6
2024-02-01,Services-Producing,Professional & Scientific,1508.1
2024-03-01,Services-Producing,Professional & Scientific,1508.7
2024-04-01,Services-Producing,Professional & Scientific,1505.0
2024-05-01,Services-Producing,Professional & Scientific,1517.9
2024-06-01,Services-Producing,Professional & Scientific,1522.0
2024-07-01,Services-Producing,Professional & Scientific,1505.8
2024-08-01,Services-Producing,Professional & Scientific,1514.1
2024-09-01,Services-Producing,Professional & Scientific,1516.2
2024-10-01,Services-Producing,Professional & Scientific,1517.1
2024-11-01,Services-Producing,Professional & Scientific,1532.1
2024-12-01,Services-Producing,Professional & Scientific,1526.9
2019-01-01,Services-Producing,Educational Services,1248.3
2019-02-01,Services-Producing,Educational Services,1237.5
2019-03-01,Services-Producing,Educational Services,1254.0
2019-04-01,Services-Producing,Educational Services,1242.3
2019-05-01,Services-Producing,Educational Services,1250.4
2019-06-01,Services-Producing,Educational Services,1251.7
2019-07-01,Services-Producing,Educational Services,1258.5
2019-08-01,Services-Producing,Educational Services,1241.8
2019-09-01,Services-Producing,Educational Services,1231.1
2019-10-01,Services-Producing,Educational Services,1251.1
2019-11-01,Services-Producing,Educational Services,1261.3
2019-12-01,Services-Producing,Educational Services,1257.7
2020-01-01,Services-Producing,Educational Services,1251.3
2020-02-01,Services-Producing,Educational Services,1246.9
2020-03-01,Services-Producing,Educational Services,1232.5
2020-04-01,Services-Producing,Educational Services,1172.7
2020-05-01,Services-Producing,Educational Services,1204.2
2020-06-01,Services-Producing,Educational Services,1223.2
2020-07-01,Services-Producing,Educational Services,1237.9
2020-08-01,Services-Producing,Educational Services,1254.5
2020-09-01,Services-Producing,Educational Services,1241.2
2020-10-01,Services-Producing,Educational Services,1237.1
2020-11-01,Services-Producing,Educational Services,1241.6
2020-12-01,Services-Producing,Educational Services,1232.2
2021-01-01,Services-Producing,Educational Services,1241.9
2021-02-01,Services-Producing,Educational Services,1243.7
2021-03-01,Services-Producing,Educational Services,1243.0
2021-04-01,Services-Producing,Educational Services,1247.2
2021-05-01,Services-Producing,Educational Services,1241.1
2021-06-01,Services-Producing,Educational Services,1253.3
2021-07-01,Services-Producing,Educational Services,1246.3
2021-08-01,Services-Producing,Educational Services,1246.2
2021-09-01,Services-Producing,Educational Services,1244.2
2021-10-01,Services-Producing,Educational Services,1247.2
2021-11-01,Services-Producing,Educational Services,1251.4
2021-12-01,Services-Producing,Educational Services,1241.6
2022-01-01,Services-Producing,Educational Services,1247.8
2022-02-01,Services-Producing,Educational Services,1251.9
2022-03-01,Services-Producing,Educational Services,1247.2
2022-04-01,Services-Producing,Educational Services,1252.4
2022-05-01,Services-Producing,Educational Services,1256.4
2022-06-01,Services-Producing,Educational Services,1266.7
2022-07-01,Services-Producing,Educational Services,1264.8
2022-08-01,Services-Producing,Educational Services,1266.2
2022-09-01,Services-Producing,Educational Services,1272.2
2022-10-01,Services-Producing,Educational Services,1267.9
2022-11-01,Services-Producing,Educational Services,1273.1
2022-12-01,Services-Producing,Educational Services,1271.9
2023-01-01,Services-Producing,Educational Services,1276.0
2023-02-01,Services-Producing,Educational Services,1272.6
2023-03-01,Services-Producing,Educational Services,1262.9
2023-04-01,Services-Producing,Educational Services,1279.2
2023-05-01,Services-Producing,Educational Services,1290.8
2023-06-01,Services-Producing,Educational Services,1289.5
2023-07-01,Services-Producing,Educational Services,1291.7
2023-08-01,Services-Producing,Educational Services,1295.2
2023-09-01,Services-Producing,Educational Services,1289.9
2023-10-01,Services-Producing,Educational Services,1292.5
2023-11-01,Services-Producing,Educational Services,1289.3
2023-12-01,Services-Producing,Educational Services,1293.0
2024-01-01,Services-Producing,Educational Services,1300.7
2024-02-01,Services-Producing,Educational Services,1306.3
2024-03-01,Services-Producing,Educational Services,1299.8
2024-04-01,Services-Producing,Educational Services,1299.7
2024-05-01,Services-Producing,Educational Services,1304.4
2024-06-01,Services-Producing,Educational Services,1310.0
2024-07-01,Services-Producing,Educational Services,1299.1
2024-08-01,Services-Producing,Educational Services,1295.6
2024-09-01,Services-Producing,Educational Services,1308.4
2024-10-01,Services-Producing,Educational Services,1306.1
2024-11-01,Services-Producing,Educational Services,1312.4
2024-12-01,Services-Producing,Educational Services,1316.6
2019-01-01,Services-Producing,Health Care & Social Assistance,2394.6
2019-02-01,Services-Producing,Health Care & Social Assistance,2417.4
2019-03-01,Services-Producing,Health Care & Social Assistance,2403.9
2019-04-01,Services-Producing,Health Care & Social Assistance,2403.6
2019-05-01,Services-Producing,Health Care & Social Assistance,2407.5
2019-06-01,Services-Producing,Health Care & Social Assistance,2386.3
2019-07-01,Services-Producing,Health Care & Social Assistance,2412.5
2019-08-01,Services-Producing,Health Care & Social Assistance,2399.1
2019-09-01,Services-Producing,Health Care & Social Assistance,2408.0
2019-10-01,Services-Producing,Health Care & Social Assistance,2387.1
2019-11-01,Services-Producing,Health Care & Social Assistance,2381.4
2019-12-01,Services-Producing,Health Care & Social Assistance,2409.8
2020-01-01,Services-Producing,Health Care & Social Assistance,2404.5
2020-02-01,Services-Producing,Health Care & Social Assistance,2389.2
2020-03-01,Services-Producing,Health Care & Social Assistance,2353.6
2020-04-01,Services-Producing,Health Care & Social Assistance,2299.5
2020-05-01,Services-Producing,Health Care & Social Assistance,2307.7
2020-06-01,Services-Producing,Health Care & Social Assistance,2371.7
2020-07-01,Services-Producing,Health Care & Social Assistance,2359.2
2020-08-01,Services-Producing,Health Care & Social Assistance,2387.3
2020-09-01,Services-Producing,Health Care & Social Assistance,2378.1
2020-10-01,Services-Producing,Health Care & Social Assistance,2391.6
2020-11-01,Services-Producing,Health Care & Social Assistance,2380.3
2020-12-01,Services-Producing,Health Care & Social Assistance,2387.2
2021-01-01,Services-Producing,Health Care & Social Assistance,2394.5
2021-02-01,Services-Producing,Health Care & Social Assistance,2382.0
2021-03-01,Services-Producing,Health Care & Social Assistance,2402.9
2021-04-01,Services-Producing,Health Care & Social Assistance,2387.8
2021-05-01,Services-Producing,Health Care & Social Assistance,2391.3
2021-06-01,Services-Producing,Health Care & Social Assistance,2382.1
2021-07-01,Services-Producing,Health Care & Social Assistance,2363.3
2021-08-01,Services-Producing,Health Care & Social Assistance,2391.7
2021-09-01,Services-Producing,Health Care & Social Assistance,2423.0
2021-10-01,Services-Producing,Health Care & Social Assistance,2403.4
2021-11-01,Services-Producing,Health Care & Social Assistance,2393.8
2021-12-01,Services-Producing,Health Care & Social Assistance,2392.0
2022-01-01,Services-Producing,Health Care & Social Assistance,2403.9
2022-02-01,Services-Producing,Health Care & Social Assistance,2413.8
2022-03-01,Services-Producing,Health Care & Social Assistance,2396.6
2022-04-01,Services-Producing,Health Care & Social Assistance,2427.8
2022-05-01,Services-Producing,Health Care & Social Assistance,2426.6
2022-06-01,Services-Producing,Health Care & Social Assistance,2430.2
2022-07-01,Services-Producing,Health Care & Social Assistance,2430.5
2022-08-01,Services-Producing,Health Care & Social Assistance,2429.0
2022-09-01,Services-Producing,Health Care & Social Assistance,2440.5
2022-10-01,Services-Producing,Health Care & Social Assistance,2443.1
2022-11-01,Services-Producing,Health Care & Social Assistance,2435.4
2022-12-01,Services-Producing,Health Care & Social Assistance,2436.3
2023-01-01,Services-Producing,Health Care & Social Assistance,2448.0
2023-02-01,Services-Producing,Health Care & Social Assistance,2469.0
2023-03-01,Services-Producing,Health Care & Social Assistance,2439.1
2023-04-01,Services-Producing,Health Care & Social Assistance,2440.0
2023-05-01,Services-Producing,Health Care & Social Assistance,2463.2
2023-06-01,Services-Producing,Health Care & Social Assistance,2465.4
2023-07-01,Services-Producing,Health Care & Social Assistance,2470.5
2023-08-01,Services-Producing,Health Care & Social Assistance,2474.9
2023-09-01,Services-Producing,Health Care & Social Assistance,2472.9
2023-10-01,Services-Producing,Health Care & Social Assistance,2497.1
2023-11-01,Services-Producing,Health Care & Social Assistance,2463.6
2023-12-01,Services-Producing,Health Care & Social Assistance,2476.5
2024-01-01,Services-Producing,Health Care & Social Assistance,2488.8
2024-02-01,Services-Producing,Health Care & Social Assistance,2473.9
2024-03-01,Services-Producing,Health Care & Social Assistance,2495.1
2024-04-01,Services-Producing,Health Care & Social Assistance,2520.7
2024-05-01,Services-Producing,Health Care & Social Assistance,2504.7
2024-06-01,Services-Producing,Health Care & Social Assistance,2510.8
2024-07-01,Services-Producing,Health Care & Social Assistance,2496.5
2024-08-01,Services-Producing,Health Care & Social Assistance,2507.8
2024-09-01,Services-Producing,Health Care & Social Assistance,2514.3
2024-10-01,Services-Producing,Health Care & Social Assistance,2518.6
2024-11-01,Services-Producing,Health Care & Social Assistance,2541.4
2024-12-01,Services-Producing,Health Care & Social Assistance,2536.3
2019-01-01,Services-Producing,Accommodation & Food Services,1193.3
2019-02-01,Services-Producing,Accommodation & Food Services,1201.5
2019-03-01,Services-Producing,Accommodation & Food Services,1203.0
2019-04-01,Services-Producing,Accommodation & Food Services,1206.8
2019-05-01,Services-Producing,Accommodation & Food Services,1209.5
2019-06-01,Services-Producing,Accommodation & Food Services,1193.9
2019-07-01,Services-Producing,Accommodation & Food Services,1195.1
2019-08-01,Services-Producing,Accommodation & Food Services,1192.5
2019-09-01,Services-Producing,Accommodation & Food Services,1198.6
2019-10-01,Services-Producing,Accommodation & Food Services,1202.8
2019-11-01,Services-Producing,Accommodation & Food Services,1205.9
2019-12-01,Services-Producing,Accommodation & Food Services,1199.5
2020-01-01,Services-Producing,Accommodation & Food Services,1198.1
2020-02-01,Services-Producing,Accommodation & Food Services,1200.9
2020-03-01,Services-Producing,Accommodation & Food Services,1115.8
2020-04-01,Services-Producing,Accommodation & Food Services,961.7
2020-05-01,Services-Producing,Accommodation & Food Services,1018.8
2020-06-01,Services-Producing,Accommodation & Food Services,1095.5
2020-07-01,Services-Producing,Accommodation & Food Services,1146.1
2020-08-01,Services-Producing,Accommodation & Food Services,1155.2
2020-09-01,Services-Producing,Accommodation & Food Services,1159.3
2020-10-01,Services-Producing,Accommodation & Food Services,1163.5
2020-11-01,Services-Producing,Accommodation & Food Services,1169.9
2020-12-01,Services-Producing,Accommodation & Food Services,1184.5
2021-01-01,Services-Producing,Accommodation & Food Services,1173.5
2021-02-01,Services-Producing,Accommodation & Food Services,1196.0
2021-03-01,Services-Producing,Accommodation & Food Services,1178.3
2021-04-01,Services-Producing,Accommodation & Food Services,1185.2
2021-05-01,Services-Producing,Accommodation & Food Services,1184.2
2021-06-01,Services-Producing,Accommodation & Food Services,1190.3
2021-07-01,Services-Producing,Accommodation & Food Services,1177.2
2021-08-01,Services-Producing,Accommodation & Food Services,1189.6
2021-09-01,Services-Producing,Accommodation & Food Services,1198.9
2021-10-01,Services-Producing,Accommodation & Food Services,1178.6
2021-11-01,Services-Producing,Accommodation & Food Services,1187.9
2021-12-01,Services-Producing,Accommodation & Food Services,1185.5
2022-01-01,Services-Producing,Accommodation & Food Services,1204.4
2022-02-01,Services-Producing,Accommodation & Food Services,1203.7
2022-03-01,Services-Producing,Accommodation & Food Services,1201.6
2022-04-01,Services-Producing,Accommodation & Food Services,1210.1
2022-05-01,Services-Producing,Accommodation & Food Services,1219.8
2022-06-01,Services-Producing,Accommodation & Food Services,1209.7
2022-07-01,Services-Producing,Accommodation & Food Services,1216.9
2022-08-01,Services-Producing,Accommodation & Food Services,1206.6
2022-09-01,Services-Producing,Accommodation & Food Services,1210.5
2022-10-01,Services-Producing,Accommodation & Food Services,1220.8
2022-11-01,Services-Producing,Accommodation & Food Services,1228.7
2022-12-01,Services-Producing,Accommodation & Food Services,1223.7
2023-01-01,Services-Producing,Accommodation & Food Services,1221.5
2023-02-01,Services-Producing,Accommodation & Food Services,1225.2
2023-03-01,Services-Producing,Accommodation & Food Services,1219.5
2023-04-01,Services-Producing,Accommodation & Food Services,1232.4
2023-05-01,Services-Producing,Accommodation & Food Services,1235.9
2023-06-01,Services-Producing,Accommodation & Food Services,1229.7
2023-07-01,Services-Producing,Accommodation & Food Services,1231.4
2023-08-01,Services-Producing,Accommodation & Food Services,1237.6
2023-09-01,Services-Producing,Accommodation & Food Services,1235.2
2023-10-01,Services-Producing,Accommodation & Food Services,1239.2
2023-11-01,Services-Producing,Accommodation & Food Services,1254.0
2023-12-01,Services-Producing,Accommodation & Food Services,1241.7
2024-01-01,Services-Producing,Accommodation & Food Services,1242.8
2024-02-01,Services-Producing,Accommodation & Food Services,1242.9
2024-03-01,Services-Producing,Accommodation & Food Services,1253.1
2024-04-01,Services-Producing,Accommodation & Food Services,1249.3
2024-05-01,Services-Producing,Accommodation & Food Services,1248.3
2024-06-01,Services-Producing,Accommodation & Food Services,1261.9
2024-07-01,Services-Producing,Accommodation & Food Services,1264.3
2024-08-01,Services-Producing,Accommodation & Food Services,1254.0
2024-09-01,Services-Producing,Accommodation & Food Services,1248.2
2024-10-01,Services-Producing,Accommodation & Food Services,1267.2
2024-11-01,Services-Producing,Accommodation & Food Services,1258.9
2024-12-01,Services-Producing,Accommodation & Food Services,1269.5
2019-01-01,Services-Producing,"Information, Culture & Recreation",802.0
2019-02-01,Services-Producing,"Information, Culture & Recreation",813.6
2019-03-01,Services-Producing,"Information, Culture & Recreation",805.1
2019-04-01,Services-Producing,"Information, Culture & Recreation",813.0
2019-05-01,Services-Producing,"Information, Culture & Recreation",810.1
2019-06-01,Services-Producing,"Information, Culture & Recreation",806.1
2019-07-01,Services-Producing,"Information, Culture & Recreation",808.4
2019-08-01,Services-Producing,"Information, Culture & Recreation",812.8
2019-09-01,Services-Producing,"Information, Culture & Recreation",810.4
2019-10-01,Services-Producing,"Information, Culture & Recreation",812.4
2019-11-01,Services-Producing,"Information, Culture & Recreation",818.0
2019-12-01,Services-Producing,"Information, Culture & Recreation",803.7
2020-01-01,Services-Producing,"Information, Culture & Recreation",816.5
2020-02-01,Services-Producing,"Information, Culture & Recreation",810.4
2020-03-01,Services-Producing,"Information, Culture & Recreation",762.6
2020-04-01,Services-Producing,"Information, Culture & Recreation",666.1
2020-05-01,Services-Producing,"Information, Culture & Recreation",714.5
2020-06-01,Services-Producing,"Information, Culture & Recreation",755.4
2020-07-01,Services-Producing,"Information, Culture & Recreation",773.0
2020-08-01,Services-Producing,"Information, Culture & Recreation",791.3
2020-09-01,Services-Producing,"Information, Culture & Recreation",782.3
2020-10-01,Services-Producing,"Information, Culture & Recreation",791.0
2020-11-01,Services-Producing,"Information, Culture & Recreation",788.9
2020-12-01,Services-Producing,"Information, Culture & Recreation",798.4
2021-01-01,Services-Producing,"Information, Culture & Recreation",806.3
2021-02-01,Services-Producing,"Information, Culture & Recreation",801.0
2021-03-01,Services-Producing,"Information, Culture & Recreation",792.2
2021-04-01,Services-Producing,"Information, Culture & Recreation",803.5
2021-05-01,Services-Producing,"Information, Culture & Recreation",804.5
2021-06-01,Services-Producing,"Information, Culture & Recreation",804.3
2021-07-01,Services-Producing,"Information, Culture & Recreation",807.7
2021-08-01,Services-Producing,"Information, Culture & Recreation",798.4
2021-09-01,Services-Producing,"Information, Culture & Recreation",805.5
2021-10-01,Services-Producing,"Information, Culture & Recreation",807.5
2021-11-01,Services-Producing,"Information, Culture & Recreation",795.5
2021-12-01,Services-Producing,"Information, Culture & Recreation",805.5
2022-01-01,Services-Producing,"Information, Culture & Recreation",809.2
2022-02-01,Services-Producing,"Information, Culture & Recreation",812.1
2022-03-01,Services-Producing,"Information, Culture & Recreation",815.1
2022-04-01,Services-Producing,"Information, Culture & Recreation",812.9
2022-05-01,Services-Producing,"Information, Culture & Recreation",813.3
2022-06-01,Services-Producing,"Information, Culture & Recreation",817.4
2022-07-01,Services-Producing,"Information, Culture & Recreation",814.1
2022-08-01,Services-Producing,"Information, Culture & Recreation",815.3
2022-09-01,Services-Producing,"Information, Culture & Recreation",823.7
2022-10-01,Services-Producing,"Information, Culture & Recreation",817.5
2022-11-01,Services-Producing,"Information, Culture & Recreation",826.1
2022-12-01,Services-Producing,"Information, Culture & Recreation",826.5
2023-01-01,Services-Producing,"Information, Culture & Recreation",818.8
2023-02-01,Services-Producing,"Information, Culture & Recreation",824.3
2023-03-01,Services-Producing,"Information, Culture & Recreation",833.1
2023-04-01,Services-Producing,"Information, Culture & Recreation",825.5
2023-05-01,Services-Producing,"Information, Culture & Recreation",828.8
2023-06-01,Services-Producing,"Information, Culture & Recreation",833.7
2023-07-01,Services-Producing,"Information, Culture & Recreation",836.3
2023-08-01,Services-Producing,"Information, Culture & Recreation",833.3
2023-09-01,Services-Producing,"Information, Culture & Recreation",833.1
2023-10-01,Services-Producing,"Information, Culture & Recreation",842.5
2023-11-01,Services-Producing,"Information, Culture & Recreation",845.0
2023-12-01,Services-Producing,"Information, Culture & Recreation",843.1
2024-01-01,Services-Producing,"Information, Culture & Recreation",840.7
2024-02-01,Services-Producing,"Information, Culture & Recreation",838.3
2024-03-01,Services-Producing,"Information, Culture & Recreation",839.4
2024-04-01,Services-Producing,"Information, Culture & Recreation",846.1
2024-05-01,Services-Producing,"Information, Culture & Recreation",846.9
2024-06-01,Services-Producing,"Information, Culture & Recreation",852.1
2024-07-01,Services-Producing,"Information, Culture & Recreation",850.3
2024-08-01,Services-Producing,"Information, Culture & Recreation",842.8
2024-09-01,Services-Producing,"Information, Culture & Recreation",854.4
2024-10-01,Services-Producing,"Information, Culture & Recreation",847.3
2024-11-01,Services-Producing,"Information, Culture & Recreation",851.0
2024-12-01,Services-Producing,"Information, Culture & Recreation",854.8
2019-01-01,Services-Producing,Public Administration,898.9
2019-02-01,Services-Producing,Public Administration,903.8
2019-03-01,Services-Producing,Public Administration,892.7
2019-04-01,Services-Producing,Public Administration,889.2
2019-05-01,Services-Producing,Public Administration,892.4
2019-06-01,Services-Producing,Public Administration,894.0
2019-07-01,Services-Producing,Public Administration,888.6
2019-08-01,Services-Producing,Public Administration,898.0
2019-09-01,Services-Producing,Public Administration,891.0
2019-10-01,Services-Producing,Public Administration,892.2
2019-11-01,Services-Producing,Public Administration,893.0
2019-12-01,Services-Producing,Public Administration,891.9
2020-01-01,Services-Producing,Public Administration,893.7
2020-02-01,Services-Producing,Public Administration,887.3
2020-03-01,Services-Producing,Public Administration,882.2
2020-04-01,Services-Producing,Public Administration,868.2
2020-05-01,Services-Producing,Public Administration,880.4
2020-06-01,Services-Producing,Public Administration,886.3
2020-07-01,Services-Producing,Public Administration,887.6
2020-08-01,Services-Producing,Public Administration,894.4
2020-09-01,Services-Producing,Public Administration,887.3
2020-10-01,Services-Producing,Public Administration,890.7
2020-11-01,Services-Producing,Public Administration,883.2
2020-12-01,Services-Producing,Public Administration,886.7
2021-01-01,Services-Producing,Public Administration,892.2
2021-02-01,Services-Producing,Public Administration,892.9
2021-03-01,Services-Producing,Public Administration,887.8
2021-04-01,Services-Producing,Public Administration,888.8
2021-05-01,Services-Producing,Public Administration,882.4
2021-06-01,Services-Producing,Public Administration,887.5
2021-07-01,Services-Producing,Public Administration,893.1
2021-08-01,Services-Producing,Public Administration,891.7
2021-09-01,Services-Producing,Public Administration,891.3
2021-10-01,Services-Producing,Public Administration,889.3
2021-11-01,Services-Producing,Public Administration,889.1
2021-12-01,Services-Producing,Public Administration,886.3
2022-01-01,Services-Producing,Public Administration,894.4
2022-02-01,Services-Producing,Public Administration,894.5
2022-03-01,Services-Producing,Public Administration,896.2
2022-04-01,Services-Producing,Public Administration,893.0
2022-05-01,Services-Producing,Public Administration,887.1
2022-06-01,Services-Producing,Public Administration,902.9
2022-07-01,Services-Producing,Public Administration,897.2
2022-08-01,Services-Producing,Public Administration,896.8
2022-09-01,Services-Producing,Public Administration,905.1
2022-10-01,Services-Producing,Public Administration,901.6
2022-11-01,Services-Producing,Public Administration,909.4
2022-12-01,Services-Producing,Public Administration,908.8
2023-01-01,Services-Producing,Public Administration,910.4
2023-02-01,Services-Producing,Public Administration,902.6
2023-03-01,Services-Producing,Public Administration,915.4
2023-04-01,Services-Producing,Public Administration,912.5
2023-05-01,Services-Producing,Public Administration,911.1
2023-06-01,Services-Producing,Public Administration,914.7
2023-07-01,Services-Producing,Public Administration,907.5
2023-08-01,Services-Producing,Public Administration,918.5
2023-09-01,Services-Producing,Public Administration,913.5
2023-10-01,Services-Producing,Public Administration,913.4
2023-11-01,Services-Producing,Public Administration,913.9
2023-12-01,Services-Producing,Public Administration,927.0
2024-01-01,Services-Producing,Public Administration,920.6
2024-02-01,Services-Producing,Public Administration,931.5
2024-03-01,Services-Producing,Public Administration,923.7
2024-04-01,Services-Producing,Public Administration,919.8
2024-05-01,Services-Producing,Public Administration,923.7
2024-06-01,Services-Producing,Public Administration,935.5
2024-07-01,Services-Producing,Public Administration,930.7
2024-08-01,Services-Producing,Public Administration,930.3
2024-09-01,Services-Producing,Public Administration,934.8
2024-10-01,Services-Producing,Public Administration,937.6
2024-11-01,Services-Producing,Public Administration,941.7
2024-12-01,Services-Producing,Public Administration,944.5
2019-01-01,Services-Producing,Other Services,718.7
2019-02-01,Services-Producing,Other Services,715.2
2019-03-01,Services-Producing,Other Services,718.5
2019-04-01,Services-Producing,Other Services,720.9
2019-05-01,Services-Producing,Other Services,716.5
2019-06-01,Services-Producing,Other Services,716.6
2019-07-01,Services-Producing,Other Services,721.2
2019-08-01,Services-Producing,Other Services,719.8
2019-09-01,Services-Producing,Other Services,720.1
2019-10-01,Services-Producing,Other Services,717.3
2019-11-01,Services-Producing,Other Services,719.2
2019-12-01,Services-Producing,Other Services,716.7
2020-01-01,Services-Producing,Other Services,723.2
2020-02-01,Services-Producing,Other Services,723.7
2020-03-01,Services-Producing,Other Services,689.6
2020-04-01,Services-Producing,Other Services,641.4
2020-05-01,Services-Producing,Other Services,663.1
2020-06-01,Services-Producing,Other Services,686.0
2020-07-01,Services-Producing,Other Services,699.9
2020-08-01,Services-Producing,Other Services,701.3
2020-09-01,Services-Producing,Other Services,704.8
2020-10-01,Services-Producing,Other Services,706.1
2020-11-01,Services-Producing,Other Services,712.0
2020-12-01,Services-Producing,Other Services,713.1
2021-01-01,Services-Producing,Other Services,713.4
2021-02-01,Services-Producing,Other Services,716.7
2021-03-01,Services-Producing,Other Services,714.1
2021-04-01,Services-Producing,Other Services,715.1
2021-05-01,Services-Producing,Other Services,722.1
2021-06-01,Services-Producing,Other Services,720.9
2021-07-01,Services-Producing,Other Services,711.4
2021-08-01,Services-Producing,Other Services,719.0
2021-09-01,Services-Producing,Other Services,719.0
2021-10-01,Services-Producing,Other Services,711.9
2021-11-01,Services-Producing,Other Services,719.0
2021-12-01,Services-Producing,Other Services,722.4
2022-01-01,Services-Producing,Other Services,717.0
2022-02-01,Services-Producing,Other Services,718.9
2022-03-01,Services-Producing,Other Services,726.9
2022-04-01,Services-Producing,Other Services,725.3
2022-05-01,Services-Producing,Other Services,727.4
2022-06-01,Services-Producing,Other Services,727.7
2022-07-01,Services-Producing,Other Services,729.0
2022-08-01,Services-Producing,Other Services,723.9
2022-09-01,Services-Producing,Other Services,733.5
2022-10-01,Services-Producing,Other Services,735.0
2022-11-01,Services-Producing,Other Services,731.1
2022-12-01,Services-Producing,Other Services,732.8
2023-01-01,Services-Producing,Other Services,728.5
2023-02-01,Services-Producing,Other Services,737.0
2023-03-01,Services-Producing,Other Services,738.3
2023-04-01,Services-Producing,Other Services,737.1
2023-05-01,Services-Producing,Other Services,742.4
2023-06-01,Services-Producing,Other Services,738.2
2023-07-01,Services-Producing,Other Services,742.6
2023-08-01,Services-Producing,Other Services,737.9
2023-09-01,Services-Producing,Other Services,742.6
2023-10-01,Services-Producing,Other Services,743.1
2023-11-01,Services-Producing,Other Services,745.7
2023-12-01,Services-Producing,Other Services,744.6
2024-01-01,Services-Producing,Other Services,746.5
2024-02-01,Services-Producing,Other Services,751.1
2024-03-01,Services-Producing,Other Services,747.6
2024-04-01,Services-Producing,Other Services,744.5
2024-05-01,Services-Producing,Other Services,757.6
2024-06-01,Services-Producing,Other Services,757.4
2024-07-01,Services-Producing,Other Services,748.8
2024-08-01,Services-Producing,Other Services,757.0
2024-09-01,Services-Producing,Other Services,753.8
2024-10-01,Services-Producing,Other Services,757.7
2024-11-01,Services-Producing,Other Services,758.9
2024-12-01,Services-Producing,Other Services,758.0
