date,sector,industry,employed_thousands,year,year_month,base_employed_thousands,pct_change_vs_base
2019-01-01,Goods-Producing,Agriculture,285.9,2019,2019-01,288.7,-0.97
2019-02-01,Goods-Producing,Agriculture,286.7,2019,2019-02,288.7,-0.69
2019-03-01,Goods-Producing,Agriculture,285.3,2019,2019-03,288.7,-1.18
2019-04-01,Goods-Producing,Agriculture,283.2,2019,2019-04,288.7,-1.91
2019-05-01,Goods-Producing,Agriculture,285.6,2019,2019-05,288.7,-1.07
2019-06-01,Goods-Producing,Agriculture,284.1,2019,2019-06,288.7,-1.59
2019-07-01,Goods-Producing,Agriculture,284.2,2019,2019-07,288.7,-1.56
2019-08-01,Goods-Producing,Agriculture,285.8,2019,2019-08,288.7,-1.0
2019-09-01,Goods-Producing,Agriculture,286.8,2019,2019-09,288.7,-0.66
2019-10-01,Goods-Producing,Agriculture,285.0,2019,2019-10,288.7,-1.28
2019-11-01,Goods-Producing,Agriculture,285.4,2019,2019-11,288.7,-1.14
2019-12-01,Goods-Producing,Agriculture,287.4,2019,2019-12,288.7,-0.45
2020-01-01,Goods-Producing,Agriculture,285.3,2020,2020-01,288.7,-1.18
2020-02-01,Goods-Producing,Agriculture,288.7,2020,2020-02,288.7,0.0
2020-03-01,Goods-Producing,Agriculture,283.2,2020,2020-03,288.7,-1.91
2020-04-01,Goods-Producing,Agriculture,274.4,2020,2020-04,288.7,-4.95
2020-05-01,Goods-Producing,Agriculture,280.5,2020,2020-05,288.7,-2.84
2020-06-01,Goods-Producing,Agriculture,282.1,2020,2020-06,288.7,-2.29
2020-07-01,Goods-Producing,Agriculture,284.7,2020,2020-07,288.7,-1.39
2020-08-01,Goods-Producing,Agriculture,284.5,2020,2020-08,288.7,-1.45
2020-09-01,Goods-Producing,Agriculture,283.5,2020,2020-09,288.7,-1.8
2020-10-01,Goods-Producing,Agriculture,282.1,2020,2020-10,288.7,-2.29
2020-11-01,Goods-Producing,Agriculture,283.8,2020,2020-11,288.7,-1.7
2020-12-01,Goods-Producing,Agriculture,283.0,2020,2020-12,288.7,-1.97
2021-01-01,Goods-Producing,Agriculture,283.7,2021,2021-01,288.7,-1.73
2021-02-01,Goods-Producing,Agriculture,285.4,2021,2021-02,288.7,-1.14
2021-03-01,Goods-Producing,Agriculture,287.0,2021,2021-03,288.7,-0.59
2021-04-01,Goods-Producing,Agriculture,285.1,2021,2021-04,288.7,-1.25
2021-05-01,Goods-Producing,Agriculture,282.9,2021,2021-05,288.7,-2.01
2021-06-01,Goods-Producing,Agriculture,285.2,2021,2021-06,288.7,-1.21
2021-07-01,Goods-Producing,Agriculture,286.3,2021,2021-07,288.7,-0.83
2021-08-01,Goods-Producing,Agriculture,283.7,2021,2021-08,288.7,-1.73
2021-09-01,Goods-Producing,Agriculture,284.4,2021,2021-09,288.7,-1.49
2021-10-01,Goods-Producing,Agriculture,284.6,2021,2021-10,288.7,-1.42
2021-11-01,Goods-Producing,Agriculture,283.5,2021,2021-11,288.7,-1.8
2021-12-01,Goods-Producing,Agriculture,285.6,2021,2021-12,288.7,-1.07
2022-01-01,Goods-Producing,Agriculture,285.3,2022,2022-01,288.7,-1.18
2022-02-01,Goods-Producing,Agriculture,286.5,2022,2022-02,288.7,-0.76
2022-03-01,Goods-Producing,Agriculture,285.0,2022,2022-03,288.7,-1.28
2022-04-01,Goods-Producing,Agriculture,286.1,2022,2022-04,288.7,-0.9
2022-05-01,Goods-Producing,Agriculture,288.2,2022,2022-05,288.7,-0.17
2022-06-01,Goods-Producing,Agriculture,287.0,2022,2022-06,288.7,-0.59
2022-07-01,Goods-Producing,Agriculture,290.5,2022,2022-07,288.7,0.62
2022-08-01,Goods-Producing,Agriculture,287.9,2022,2022-08,288.7,-0.28
2022-09-01,Goods-Producing,Agriculture,289.2,2022,2022-09,288.7,0.17
2022-10-01,Goods-Producing,Agriculture,290.6,2022,2022-10,288.7,0.66
2022-11-01,Goods-Producing,Agriculture,287.7,2022,2022-11,288.7,-0.35
2022-12-01,Goods-Producing,Agriculture,287.6,2022,2022-12,288.7,-0.38
2023-01-01,Goods-Producing,Agriculture,288.4,2023,2023-01,288.7,-0.1
2023-02-01,Goods-Producing,Agriculture,292.8,2023,2023-02,288.7,1.42
2023-03-01,Goods-Producing,Agriculture,290.6,2023,2023-03,288.7,0.66
2023-04-01,Goods-Producing,Agriculture,295.5,2023,2023-04,288.7,2.36
2023-05-01,Goods-Producing,Agriculture,291.5,2023,2023-05,288.7,0.97
2023-06-01,Goods-Producing,Agriculture,293.0,2023,2023-06,288.7,1.49
2023-07-01,Goods-Producing,Agriculture,295.3,2023,2023-07,288.7,2.29
2023-08-01,Goods-Producing,Agriculture,296.4,2023,2023-08,288.7,2.67
2023-09-01,Goods-Producing,Agriculture,296.9,2023,2023-09,288.7,2.84
2023-10-01,Goods-Producing,Agriculture,296.1,2023,2023-10,288.7,2.56
2023-11-01,Goods-Producing,Agriculture,296.3,2023,2023-11,288.7,2.63
2023-12-01,Goods-Producing,Agriculture,296.1,2023,2023-12,288.7,2.56
2024-01-01,Goods-Producing,Agriculture,296.8,2024,2024-01,288.7,2.81
2024-02-01,Goods-Producing,Agriculture,295.3,2024,2024-02,288.7,2.29
2024-03-01,Goods-Producing,Agriculture,295.4,2024,2024-03,288.7,2.32
2024-04-01,Goods-Producing,Agriculture,297.0,2024,2024-04,288.7,2.87
2024-05-01,Goods-Producing,Agriculture,297.2,2024,2024-05,288.7,2.94
2024-06-01,Goods-Producing,Agriculture,297.2,2024,2024-06,288.7,2.94
2024-07-01,Goods-Producing,Agriculture,299.2,2024,2024-07,288.7,3.64
2024-08-01,Goods-Producing,Agriculture,300.0,2024,2024-08,288.7,3.91
2024-09-01,Goods-Producing,Agriculture,299.2,2024,2024-09,288.7,3.64
2024-10-01,Goods-Producing,Agriculture,301.6,2024,2024-10,288.7,4.47
2024-11-01,Goods-Producing,Agriculture,298.3,2024,2024-11,288.7,3.33
2024-12-01,Goods-Producing,Agriculture,300.1,2024,2024-12,288.7,3.95
2019-01-01,Goods-Producing,"Forestry, Fishing & Mining",318.9,2019,2019-01,321.7,-0.87
2019-02-01,Goods-Producing,"Forestry, Fishing & Mining",317.0,2019,2019-02,321.7,-1.46
2019-03-01,Goods-Producing,"Forestry, Fishing & Mining",319.9,2019,2019-03,321.7,-0.56
2019-04-01,Goods-Producing,"Forestry, Fishing & Mining",319.8,2019,2019-04,321.7,-0.59
2019-05-01,Goods-Producing,"Forestry, Fishing & Mining",322.4,2019,2019-05,321.7,0.22
2019-06-01,Goods-Producing,"Forestry, Fishing & Mining",321.0,2019,2019-06,321.7,-0.22
2019-07-01,Goods-Producing,"Forestry, Fishing & Mining",318.4,2019,2019-07,321.7,-1.03
2019-08-01,Goods-Producing,"Forestry, Fishing & Mining",323.0,2019,2019-08,321.7,0.4
2019-09-01,Goods-Producing,"Forestry, Fishing & Mining",322.0,2019,2019-09,321.7,0.09
2019-10-01,Goods-Producing,"Forestry, Fishing & Mining",320.9,2019,2019-10,321.7,-0.25
2019-11-01,Goods-Producing,"Forestry, Fishing & Mining",319.6,2019,2019-11,321.7,-0.65
2019-12-01,Goods-Producing,"Forestry, Fishing & Mining",318.5,2019,2019-12,321.7,-0.99
2020-01-01,Goods-Producing,"Forestry, Fishing & Mining",319.4,2020,2020-01,321.7,-0.71
2020-02-01,Goods-Producing,"Forestry, Fishing & Mining",321.7,2020,2020-02,321.7,0.0
2020-03-01,Goods-Producing,"Forestry, Fishing & Mining",318.2,2020,2020-03,321.7,-1.09
2020-04-01,Goods-Producing,"Forestry, Fishing & Mining",307.3,2020,2020-04,321.7,-4.48
2020-05-01,Goods-Producing,"Forestry, Fishing & Mining",308.8,2020,2020-05,321.7,-4.01
2020-06-01,Goods-Producing,"Forestry, Fishing & Mining",311.8,2020,2020-06,321.7,-3.08
2020-07-01,Goods-Producing,"Forestry, Fishing & Mining",316.2,2020,2020-07,321.7,-1.71
2020-08-01,Goods-Producing,"Forestry, Fishing & Mining",314.5,2020,2020-08,321.7,-2.24
2020-09-01,Goods-Producing,"Forestry, Fishing & Mining",318.1,2020,2020-09,321.7,-1.12
2020-10-01,Goods-Producing,"Forestry, Fishing & Mining",317.7,2020,2020-10,321.7,-1.24
2020-11-01,Goods-Producing,"Forestry, Fishing & Mining",317.5,2020,2020-11,321.7,-1.31
2020-12-01,Goods-Producing,"Forestry, Fishing & Mining",316.0,2020,2020-12,321.7,-1.77
2021-01-01,Goods-Producing,"Forestry, Fishing & Mining",320.0,2021,2021-01,321.7,-0.53
2021-02-01,Goods-Producing,"Forestry, Fishing & Mining",318.3,2021,2021-02,321.7,-1.06
2021-03-01,Goods-Producing,"Forestry, Fishing & Mining",317.3,2021,2021-03,321.7,-1.37
2021-04-01,Goods-Producing,"Forestry, Fishing & Mining",314.6,2021,2021-04,321.7,-2.21
2021-05-01,Goods-Producing,"Forestry, Fishing & Mining",319.2,2021,2021-05,321.7,-0.78
2021-06-01,Goods-Producing,"Forestry, Fishing & Mining",322.0,2021,2021-06,321.7,0.09
2021-07-01,Goods-Producing,"Forestry, Fishing & Mining",321.9,2021,2021-07,321.7,0.06
2021-08-01,Goods-Producing,"Forestry, Fishing & Mining",318.5,2021,2021-08,321.7,-0.99
2021-09-01,Goods-Producing,"Forestry, Fishing & Mining",318.2,2021,2021-09,321.7,-1.09
2021-10-01,Goods-Producing,"Forestry, Fishing & Mining",320.0,2021,2021-10,321.7,-0.53
2021-11-01,Goods-Producing,"Forestry, Fishing & Mining",317.6,2021,2021-11,321.7,-1.27
2021-12-01,Goods-Producing,"Forestry, Fishing & Mining",319.8,2021,2021-12,321.7,-0.59
2022-01-01,Goods-Producing,"Forestry, Fishing & Mining",321.7,2022,2022-01,321.7,0.0
2022-02-01,Goods-Producing,"Forestry, Fishing & Mining",322.9,2022,2022-02,321.7,0.37
2022-03-01,Goods-Producing,"Forestry, Fishing & Mining",321.3,2022,2022-03,321.7,-0.12
2022-04-01,Goods-Producing,"Forestry, Fishing & Mining",321.6,2022,2022-04,321.7,-0.03
2022-05-01,Goods-Producing,"Forestry, Fishing & Mining",321.0,2022,2022-05,321.7,-0.22
2022-06-01,Goods-Producing,"Forestry, Fishing & Mining",321.6,2022,2022-06,321.7,-0.03
2022-07-01,Goods-Producing,"Forestry, Fishing & Mining",323.0,2022,2022-07,321.7,0.4
2022-08-01,Goods-Producing,"Forestry, Fishing & Mining",324.4,2022,2022-08,321.7,0.84
2022-09-01,Goods-Producing,"Forestry, Fishing & Mining",325.8,2022,2022-09,321.7,1.27
2022-10-01,Goods-Producing,"Forestry, Fishing & Mining",323.5,2022,2022-10,321.7,0.56
2022-11-01,Goods-Producing,"Forestry, Fishing & Mining",327.7,2022,2022-11,321.7,1.87
2022-12-01,Goods-Producing,"Forestry, Fishing & Mining",325.3,2022,2022-12,321.7,1.12
2023-01-01,Goods-Producing,"Forestry, Fishing & Mining",326.2,2023,2023-01,321.7,1.4
2023-02-01,Goods-Producing,"Forestry, Fishing & Mining",325.5,2023,2023-02,321.7,1.18
2023-03-01,Goods-Producing,"Forestry, Fishing & Mining",323.3,2023,2023-03,321.7,0.5
2023-04-01,Goods-Producing,"Forestry, Fishing & Mining",329.1,2023,2023-04,321.7,2.3
2023-05-01,Goods-Producing,"Forestry, Fishing & Mining",329.3,2023,2023-05,321.7,2.36
2023-06-01,Goods-Producing,"Forestry, Fishing & Mining",328.2,2023,2023-06,321.7,2.02
2023-07-01,Goods-Producing,"Forestry, Fishing & Mining",329.2,2023,2023-07,321.7,2.33
2023-08-01,Goods-Producing,"Forestry, Fishing & Mining",330.4,2023,2023-08,321.7,2.7
2023-09-01,Goods-Producing,"Forestry, Fishing & Mining",327.6,2023,2023-09,321.7,1.83
2023-10-01,Goods-Producing,"Forestry, Fishing & Mining",329.7,2023,2023-10,321.7,2.49
2023-11-01,Goods-Producing,"Forestry, Fishing & Mining",332.3,2023,2023-11,321.7,3.29
2023-12-01,Goods-Producing,"Forestry, Fishing & Mining",329.5,2023,2023-12,321.7,2.42
2024-01-01,Goods-Producing,"Forestry, Fishing & Mining",332.5,2024,2024-01,321.7,3.36
2024-02-01,Goods-Producing,"Forestry, Fishing & Mining",330.3,2024,2024-02,321.7,2.67
2024-03-01,Goods-Producing,"Forestry, Fishing & Mining",333.7,2024,2024-03,321.7,3.73
2024-04-01,Goods-Producing,"Forestry, Fishing & Mining",333.4,2024,2024-04,321.7,3.64
2024-05-01,Goods-Producing,"Forestry, Fishing & Mining",331.3,2024,2024-05,321.7,2.98
2024-06-01,Goods-Producing,"Forestry, Fishing & Mining",336.3,2024,2024-06,321.7,4.54
2024-07-01,Goods-Producing,"Forestry, Fishing & Mining",333.7,2024,2024-07,321.7,3.73
2024-08-01,Goods-Producing,"Forestry, Fishing & Mining",334.1,2024,2024-08,321.7,3.85
2024-09-01,Goods-Producing,"Forestry, Fishing & Mining",336.2,2024,2024-09,321.7,4.51
2024-10-01,Goods-Producing,"Forestry, Fishing & Mining",338.2,2024,2024-10,321.7,5.13
2024-11-01,Goods-Producing,"Forestry, Fishing & Mining",335.2,2024,2024-11,321.7,4.2
2024-12-01,Goods-Producing,"Forestry, Fishing & Mining",337.4,2024,2024-12,321.7,4.88
2019-01-01,Goods-Producing,Construction,1403.0,2019,2019-01,1414.4,-0.81
2019-02-01,Goods-Producing,Construction,1404.9,2019,2019-02,1414.4,-0.67
2019-03-01,Goods-Producing,Construction,1401.2,2019,2019-03,1414.4,-0.93
2019-04-01,Goods-Producing,Construction,1397.4,2019,2019-04,1414.4,-1.2
2019-05-01,Goods-Producing,Construction,1394.2,2019,2019-05,1414.4,-1.43
2019-06-01,Goods-Producing,Construction,1400.6,2019,2019-06,1414.4,-0.98
2019-07-01,Goods-Producing,Construction,1392.5,2019,2019-07,1414.4,-1.55
2019-08-01,Goods-Producing,Construction,1379.6,2019,2019-08,1414.4,-2.46
2019-09-01,Goods-Producing,Construction,1403.1,2019,2019-09,1414.4,-0.8
2019-10-01,Goods-Producing,Construction,1406.3,2019,2019-10,1414.4,-0.57
2019-11-01,Goods-Producing,Construction,1383.5,2019,2019-11,1414.4,-2.18
2019-12-01,Goods-Producing,Construction,1392.9,2019,2019-12,1414.4,-1.52
2020-01-01,Goods-Producing,Construction,1404.3,2020,2020-01,1414.4,-0.71
2020-02-01,Goods-Producing,Construction,1414.4,2020,2020-02,1414.4,0.0
2020-03-01,Goods-Producing,Construction,1366.5,2020,2020-03,1414.4,-3.39
2020-04-01,Goods-Producing,Construction,1288.5,2020,2020-04,1414.4,-8.9
2020-05-01,Goods-Producing,Construction,1325.9,2020,2020-05,1414.4,-6.26
2020-06-01,Goods-Producing,Construction,1364.8,2020,2020-06,1414.4,-3.51
2020-07-01,Goods-Producing,Construction,1367.5,2020,2020-07,1414.4,-3.32
2020-08-01,Goods-Producing,Construction,1375.4,2020,2020-08,1414.4,-2.76
2020-09-01,Goods-Producing,Construction,1379.8,2020,2020-09,1414.4,-2.45
2020-10-01,Goods-Producing,Construction,1378.8,2020,2020-10,1414.4,-2.52
2020-11-01,Goods-Producing,Construction,1388.5,2020,2020-11,1414.4,-1.83
2020-12-01,Goods-Producing,Construction,1401.3,2020,2020-12,1414.4,-0.93
2021-01-01,Goods-Producing,Construction,1396.7,2021,2021-01,1414.4,-1.25
2021-02-01,Goods-Producing,Construction,1392.6,2021,2021-02,1414.4,-1.54
2021-03-01,Goods-Producing,Construction,1392.4,2021,2021-03,1414.4,-1.56
2021-04-01,Goods-Producing,Construction,1383.5,2021,2021-04,1414.4,-2.18
2021-05-01,Goods-Producing,Construction,1400.6,2021,2021-05,1414.4,-0.98
2021-06-01,Goods-Producing,Construction,1393.9,2021,2021-06,1414.4,-1.45
2021-07-01,Goods-Producing,Construction,1393.1,2021,2021-07,1414.4,-1.51
2021-08-01,Goods-Producing,Construction,1416.8,2021,2021-08,1414.4,0.17
2021-09-01,Goods-Producing,Construction,1396.5,2021,2021-09,1414.4,-1.27
2021-10-01,Goods-Producing,Construction,1389.1,2021,2021-10,1414.4,-1.79
2021-11-01,Goods-Producing,Construction,1391.4,2021,2021-11,1414.4,-1.63
2021-12-01,Goods-Producing,Construction,1403.6,2021,2021-12,1414.4,-0.76
2022-01-01,Goods-Producing,Construction,1402.9,2022,2022-01,1414.4,-0.81
2022-02-01,Goods-Producing,Construction,1394.1,2022,2022-02,1414.4,-1.44
2022-03-01,Goods-Producing,Construction,1412.7,2022,2022-03,1414.4,-0.12
2022-04-01,Goods-Producing,Construction,1403.7,2022,2022-04,1414.4,-0.76
2022-05-01,Goods-Producing,Construction,1423.6,2022,2022-05,1414.4,0.65
2022-06-01,Goods-Producing,Construction,1420.2,2022,2022-06,1414.4,0.41
2022-07-01,Goods-Producing,Construction,1411.6,2022,2022-07,1414.4,-0.2
2022-08-01,Goods-Producing,Construction,1425.8,2022,2022-08,1414.4,0.81
2022-09-01,Goods-Producing,Construction,1419.4,2022,2022-09,1414.4,0.35
2022-10-01,Goods-Producing,Construction,1427.0,2022,2022-10,1414.4,0.89
2022-11-01,Goods-Producing,Construction,1426.5,2022,2022-11,1414.4,0.86
2022-12-01,Goods-Producing,Construction,1419.3,2022,2022-12,1414.4,0.35
2023-01-01,Goods-Producing,Construction,1422.8,2023,2023-01,1414.4,0.59
2023-02-01,Goods-Producing,Construction,1436.6,2023,2023-02,1414.4,1.57
2023-03-01,Goods-Producing,Construction,1429.2,2023,2023-03,1414.4,1.05
2023-04-01,Goods-Producing,Construction,1430.8,2023,2023-04,1414.4,1.16
2023-05-01,Goods-Producing,Construction,1429.0,2023,2023-05,1414.4,1.03
2023-06-01,Goods-Producing,Construction,1440.8,2023,2023-06,1414.4,1.87
2023-07-01,Goods-Producing,Construction,1454.3,2023,2023-07,1414.4,2.82
2023-08-01,Goods-Producing,Construction,1434.5,2023,2023-08,1414.4,1.42
2023-09-01,Goods-Producing,Construction,1444.3,2023,2023-09,1414.4,2.11
2023-10-01,Goods-Producing,Construction,1456.1,2023,2023-10,1414.4,2.95
2023-11-01,Goods-Producing,Construction,1447.7,2023,2023-11,1414.4,2.35
2023-12-01,Goods-Producing,Construction,1453.6,2023,2023-12,1414.4,2.77
2024-01-01,Goods-Producing,Construction,1445.1,2024,2024-01,1414.4,2.17
2024-02-01,Goods-Producing,Construction,1457.6,2024,2024-02,1414.4,3.05
2024-03-01,Goods-Producing,Construction,1455.4,2024,2024-03,1414.4,2.9
2024-04-01,Goods-Producing,Construction,1465.7,2024,2024-04,1414.4,3.63
2024-05-01,Goods-Producing,Construction,1469.2,2024,2024-05,1414.4,3.87
2024-06-01,Goods-Producing,Construction,1481.1,2024,2024-06,1414.4,4.72
2024-07-01,Goods-Producing,Construction,1469.2,2024,2024-07,1414.4,3.87
2024-08-01,Goods-Producing,Construction,1469.5,2024,2024-08,1414.4,3.9
2024-09-01,Goods-Producing,Construction,1470.7,2024,2024-09,1414.4,3.98
2024-10-01,Goods-Producing,Construction,1468.9,2024,2024-10,1414.4,3.85
2024-11-01,Goods-Producing,Construction,1475.9,2024,2024-11,1414.4,4.35
2024-12-01,Goods-Producing,Construction,1473.5,2024,2024-12,1414.4,4.18
2019-01-01,Goods-Producing,Manufacturing,1751.5,2019,2019-01,1754.8,-0.19
2019-02-01,Goods-Producing,Manufacturing,1761.5,2019,2019-02,1754.8,0.38
2019-03-01,Goods-Producing,Manufacturing,1741.2,2019,2019-03,1754.8,-0.78
2019-04-01,Goods-Producing,Manufacturing,1760.0,2019,2019-04,1754.8,0.3
2019-05-01,Goods-Producing,Manufacturing,1761.5,2019,2019-05,1754.8,0.38
2019-06-01,Goods-Producing,Manufacturing,1749.0,2019,2019-06,1754.8,-0.33
2019-07-01,Goods-Producing,Manufacturing,1731.4,2019,2019-07,1754.8,-1.33
2019-08-01,Goods-Producing,Manufacturing,1744.7,2019,2019-08,1754.8,-0.58
2019-09-01,Goods-Producing,Manufacturing,1761.3,2019,2019-09,1754.8,0.37
2019-10-01,Goods-Producing,Manufacturing,1749.8,2019,2019-10,1754.8,-0.28
2019-11-01,Goods-Producing,Manufacturing,1741.3,2019,2019-11,1754.8,-0.77
2019-12-01,Goods-Producing,Manufacturing,1745.6,2019,2019-12,1754.8,-0.52
2020-01-01,Goods-Producing,Manufacturing,1757.4,2020,2020-01,1754.8,0.15
2020-02-01,Goods-Producing,Manufacturing,1754.8,2020,2020-02,1754.8,0.0
2020-03-01,Goods-Producing,Manufacturing,1700.7,2020,2020-03,1754.8,-3.08
2020-04-01,Goods-Producing,Manufacturing,1597.2,2020,2020-04,1754.8,-8.98
2020-05-01,Goods-Producing,Manufacturing,1644.2,2020,2020-05,1754.8,-6.3
2020-06-01,Goods-Producing,Manufacturing,1678.9,2020,2020-06,1754.8,-4.33
2020-07-01,Goods-Producing,Manufacturing,1724.8,2020,2020-07,1754.8,-1.71
2020-08-01,Goods-Producing,Manufacturing,1720.4,2020,2020-08,1754.8,-1.96
2020-09-01,Goods-Producing,Manufacturing,1737.0,2020,2020-09,1754.8,-1.01
2020-10-01,Goods-Producing,Manufacturing,1742.8,2020,2020-10,1754.8,-0.68
2020-11-01,Goods-Producing,Manufacturing,1741.4,2020,2020-11,1754.8,-0.76
2020-12-01,Goods-Producing,Manufacturing,1732.0,2020,2020-12,1754.8,-1.3
2021-01-01,Goods-Producing,Manufacturing,1745.7,2021,2021-01,1754.8,-0.52
2021-02-01,Goods-Producing,Manufacturing,1741.9,2021,2021-02,1754.8,-0.74
2021-03-01,Goods-Producing,Manufacturing,1734.2,2021,2021-03,1754.8,-1.17
2021-04-01,Goods-Producing,Manufacturing,1745.0,2021,2021-04,1754.8,-0.56
2021-05-01,Goods-Producing,Manufacturing,1731.8,2021,2021-05,1754.8,-1.31
2021-06-01,Goods-Producing,Manufacturing,1752.5,2021,2021-06,1754.8,-0.13
2021-07-01,Goods-Producing,Manufacturing,1738.1,2021,2021-07,1754.8,-0.95
2021-08-01,Goods-Producing,Manufacturing,1743.9,2021,2021-08,1754.8,-0.62
2021-09-01,Goods-Producing,Manufacturing,1744.6,2021,2021-09,1754.8,-0.58
2021-10-01,Goods-Producing,Manufacturing,1739.9,2021,2021-10,1754.8,-0.85
2021-11-01,Goods-Producing,Manufacturing,1747.3,2021,2021-11,1754.8,-0.43
2021-12-01,Goods-Producing,Manufacturing,1739.5,2021,2021-12,1754.8,-0.87
2022-01-01,Goods-Producing,Manufacturing,1760.2,2022,2022-01,1754.8,0.31
2022-02-01,Goods-Producing,Manufacturing,1743.5,2022,2022-02,1754.8,-0.64
2022-03-01,Goods-Producing,Manufacturing,1759.0,2022,2022-03,1754.8,0.24
2022-04-01,Goods-Producing,Manufacturing,1777.5,2022,2022-04,1754.8,1.29
2022-05-01,Goods-Producing,Manufacturing,1754.4,2022,2022-05,1754.8,-0.02
2022-06-01,Goods-Producing,Manufacturing,1759.8,2022,2022-06,1754.8,0.28
2022-07-01,Goods-Producing,Manufacturing,1772.9,2022,2022-07,1754.8,1.03
2022-08-01,Goods-Producing,Manufacturing,1772.6,2022,2022-08,1754.8,1.01
2022-09-01,Goods-Producing,Manufacturing,1776.7,2022,2022-09,1754.8,1.25
2022-10-01,Goods-Producing,Manufacturing,1780.5,2022,2022-10,1754.8,1.46
2022-11-01,Goods-Producing,Manufacturing,1784.4,2022,2022-11,1754.8,1.69
2022-12-01,Goods-Producing,Manufacturing,1791.2,2022,2022-12,1754.8,2.07
2023-01-01,Goods-Producing,Manufacturing,1787.7,2023,2023-01,1754.8,1.87
2023-02-01,Goods-Producing,Manufacturing,1784.6,2023,2023-02,1754.8,1.7
2023-03-01,Goods-Producing,Manufacturing,1795.3,2023,2023-03,1754.8,2.31
2023-04-01,Goods-Producing,Manufacturing,1808.6,2023,2023-04,1754.8,3.07
2023-05-01,Goods-Producing,Manufacturing,1793.5,2023,2023-05,1754.8,2.21
2023-06-01,Goods-Producing,Manufacturing,1788.7,2023,2023-06,1754.8,1.93
2023-07-01,Goods-Producing,Manufacturing,1809.6,2023,2023-07,1754.8,3.12
2023-08-01,Goods-Producing,Manufacturing,1801.4,2023,2023-08,1754.8,2.66
2023-09-01,Goods-Producing,Manufacturing,1786.1,2023,2023-09,1754.8,1.78
2023-10-01,Goods-Producing,Manufacturing,1815.2,2023,2023-10,1754.8,3.44
2023-11-01,Goods-Producing,Manufacturing,1805.7,2023,2023-11,1754.8,2.9
2023-12-01,Goods-Producing,Manufacturing,1812.2,2023,2023-12,1754.8,3.27
2024-01-01,Goods-Producing,Manufacturing,1818.5,2024,2024-01,1754.8,3.63
2024-02-01,Goods-Producing,Manufacturing,1819.9,2024,2024-02,1754.8,3.71
2024-03-01,Goods-Producing,Manufacturing,1827.1,2024,2024-03,1754.8,4.12
2024-04-01,Goods-Producing,Manufacturing,1819.7,2024,2024-04,1754.8,3.7
2024-05-01,Goods-Producing,Manufacturing,1830.6,2024,2024-05,1754.8,4.32
2024-06-01,Goods-Producing,Manufacturing,1826.5,2024,2024-06,1754.8,4.09
2024-07-01,Goods-Producing,Manufacturing,1837.8,2024,2024-07,1754.8,4.73
2024-08-01,Goods-Producing,Manufacturing,1839.4,2024,2024-08,1754.8,4.82
2024-09-01,Goods-Producing,Manufacturing,1828.4,2024,2024-09,1754.8,4.19
2024-10-01,Goods-Producing,Manufacturing,1848.8,2024,2024-10,1754.8,5.36
2024-11-01,Goods-Producing,Manufacturing,1837.2,2024,2024-11,1754.8,4.7
2024-12-01,Goods-Producing,Manufacturing,1851.6,2024,2024-12,1754.8,5.52
2019-01-01,Services-Producing,Wholesale & Retail Trade,2955.4,2019,2019-01,2947.5,0.27
2019-02-01,Services-Producing,Wholesale & Retail Trade,2977.1,2019,2019-02,2947.5,1.0
2019-03-01,Services-Producing,Wholesale & Retail Trade,2946.7,2019,2019-03,2947.5,-0.03
2019-04-01,Services-Producing,Wholesale & Retail Trade,2944.8,2019,2019-04,2947.5,-0.09
2019-05-01,Services-Producing,Wholesale & Retail Trade,2949.7,2019,2019-05,2947.5,0.07
2019-06-01,Services-Producing,Wholesale & Retail Trade,2945.5,2019,2019-06,2947.5,-0.07
2019-07-01,Services-Producing,Wholesale & Retail Trade,2961.8,2019,2019-07,2947.5,0.49
2019-08-01,Services-Producing,Wholesale & Retail Trade,2926.2,2019,2019-08,2947.5,-0.72
2019-09-01,Services-Producing,Wholesale & Retail Trade,2934.5,2019,2019-09,2947.5,-0.44
2019-10-01,Services-Producing,Wholesale & Retail Trade,2934.2,2019,2019-10,2947.5,-0.45
2019-11-01,Services-Producing,Wholesale & Retail Trade,2964.0,2019,2019-11,2947.5,0.56
2019-12-01,Services-Producing,Wholesale & Retail Trade,2975.2,2019,2019-12,2947.5,0.94
2020-01-01,Services-Producing,Wholesale & Retail Trade,2948.5,2020,2020-01,2947.5,0.03
2020-02-01,Services-Producing,Wholesale & Retail Trade,2947.5,2020,2020-02,2947.5,0.0
2020-03-01,Services-Producing,Wholesale & Retail Trade,2844.8,2020,2020-03,2947.5,-3.48
2020-04-01,Services-Producing,Wholesale & Retail Trade,2630.8,2020,2020-04,2947.5,-10.74
2020-05-01,Services-Producing,Wholesale & Retail Trade,2706.2,2020,2020-05,2947.5,-8.19
2020-06-01,Services-Producing,Wholesale & Retail Trade,2811.9,2020,2020-06,2947.5,-4.6
2020-07-01,Services-Producing,Wholesale & Retail Trade,2875.9,2020,2020-07,2947.5,-2.43
2020-08-01,Services-Producing,Wholesale & Retail Trade,2897.2,2020,2020-08,2947.5,-1.71
2020-09-01,Services-Producing,Wholesale & Retail Trade,2899.7,2020,2020-09,2947.5,-1.62
2020-10-01,Services-Producing,Wholesale & Retail Trade,2918.7,2020,2020-10,2947.5,-0.98
2020-11-01,Services-Producing,Wholesale & Retail Trade,2871.2,2020,2020-11,2947.5,-2.59
2020-12-01,Services-Producing,Wholesale & Retail Trade,2928.1,2020,2020-12,2947.5,-0.66
2021-01-01,Services-Producing,Wholesale & Retail Trade,2922.7,2021,2021-01,2947.5,-0.84
2021-02-01,Services-Producing,Wholesale & Retail Trade,2905.3,2021,2021-02,2947.5,-1.43
2021-03-01,Services-Producing,Wholesale & Retail Trade,2939.8,2021,2021-03,2947.5,-0.26
2021-04-01,Services-Producing,Wholesale & Retail Trade,2952.6,2021,2021-04,2947.5,0.17
2021-05-01,Services-Producing,Wholesale & Retail Trade,2930.3,2021,2021-05,2947.5,-0.58
2021-06-01,Services-Producing,Wholesale & Retail Trade,2946.4,2021,2021-06,2947.5,-0.04
2021-07-01,Services-Producing,Wholesale & Retail Trade,2956.1,2021,2021-07,2947.5,0.29
2021-08-01,Services-Producing,Wholesale & Retail Trade,2951.7,2021,2021-08,2947.5,0.14
2021-09-01,Services-Producing,Wholesale & Retail Trade,2956.5,2021,2021-09,2947.5,0.31
2021-10-01,Services-Producing,Wholesale & Retail Trade,2943.2,2021,2021-10,2947.5,-0.15
2021-11-01,Services-Producing,Wholesale & Retail Trade,2933.4,2021,2021-11,2947.5,-0.48
2021-12-01,Services-Producing,Wholesale & Retail Trade,2912.2,2021,2021-12,2947.5,-1.2
2022-01-01,Services-Producing,Wholesale & Retail Trade,2950.8,2022,2022-01,2947.5,0.11
2022-02-01,Services-Producing,Wholesale & Retail Trade,2946.4,2022,2022-02,2947.5,-0.04
2022-03-01,Services-Producing,Wholesale & Retail Trade,2995.3,2022,2022-03,2947.5,1.62
2022-04-01,Services-Producing,Wholesale & Retail Trade,2965.1,2022,2022-04,2947.5,0.6
2022-05-01,Services-Producing,Wholesale & Retail Trade,2973.9,2022,2022-05,2947.5,0.9
2022-06-01,Services-Producing,Wholesale & Retail Trade,2984.7,2022,2022-06,2947.5,1.26
2022-07-01,Services-Producing,Wholesale & Retail Trade,2981.6,2022,2022-07,2947.5,1.16
2022-08-01,Services-Producing,Wholesale & Retail Trade,3010.4,2022,2022-08,2947.5,2.13
2022-09-01,Services-Producing,Wholesale & Retail Trade,2980.6,2022,2022-09,2947.5,1.12
2022-10-01,Services-Producing,Wholesale & Retail Trade,2997.1,2022,2022-10,2947.5,1.68
2022-11-01,Services-Producing,Wholesale & Retail Trade,2987.7,2022,2022-11,2947.5,1.36
2022-12-01,Services-Producing,Wholesale & Retail Trade,2983.6,2022,2022-12,2947.5,1.22
2023-01-01,Services-Producing,Wholesale & Retail Trade,2998.5,2023,2023-01,2947.5,1.73
2023-02-01,Services-Producing,Wholesale & Retail Trade,3011.4,2023,2023-02,2947.5,2.17
2023-03-01,Services-Producing,Wholesale & Retail Trade,3010.0,2023,2023-03,2947.5,2.12
2023-04-01,Services-Producing,Wholesale & Retail Trade,3010.6,2023,2023-04,2947.5,2.14
2023-05-01,Services-Producing,Wholesale & Retail Trade,3004.5,2023,2023-05,2947.5,1.93
2023-06-01,Services-Producing,Wholesale & Retail Trade,3028.4,2023,2023-06,2947.5,2.74
2023-07-01,Services-Producing,Wholesale & Retail Trade,3011.9,2023,2023-07,2947.5,2.18
2023-08-01,Services-Producing,Wholesale & Retail Trade,3049.7,2023,2023-08,2947.5,3.47
2023-09-01,Services-Producing,Wholesale & Retail Trade,3044.1,2023,2023-09,2947.5,3.28
2023-10-01,Services-Producing,Wholesale & Retail Trade,3025.9,2023,2023-10,2947.5,2.66
2023-11-01,Services-Producing,Wholesale & Retail Trade,3047.2,2023,2023-11,2947.5,3.38
2023-12-01,Services-Producing,Wholesale & Retail Trade,3045.1,2023,2023-12,2947.5,3.31
2024-01-01,Services-Producing,Wholesale & Retail Trade,3065.3,2024,2024-01,2947.5,4.0
2024-02-01,Services-Producing,Wholesale & Retail Trade,3084.8,2024,2024-02,2947.5,4.66
2024-03-01,Services-Producing,Wholesale & Retail Trade,3041.8,2024,2024-03,2947.5,3.2
2024-04-01,Services-Producing,Wholesale & Retail Trade,3075.6,2024,2024-04,2947.5,4.35
2024-05-01,Services-Producing,Wholesale & Retail Trade,3076.0,2024,2024-05,2947.5,4.36
2024-06-01,Services-Producing,Wholesale & Retail Trade,3092.7,2024,2024-06,2947.5,4.93
2024-07-01,Services-Producing,Wholesale & Retail Trade,3090.3,2024,2024-07,2947.5,4.84
2024-08-01,Services-Producing,Wholesale & Retail Trade,3080.5,2024,2024-08,2947.5,4.51
2024-09-01,Services-Producing,Wholesale & Retail Trade,3091.3,2024,2024-09,2947.5,4.88
2024-10-01,Services-Producing,Wholesale & Retail Trade,3088.7,2024,2024-10,2947.5,4.79
2024-11-01,Services-Producing,Wholesale & Retail Trade,3120.7,2024,2024-11,2947.5,5.88
2024-12-01,Services-Producing,Wholesale & Retail Trade,3109.6,2024,2024-12,2947.5,5.5
2019-01-01,Services-Producing,Transportation & Warehousing,969.1,2019,2019-01,964.3,0.5
2019-02-01,Services-Producing,Transportation & Warehousing,959.7,2019,2019-02,964.3,-0.48
2019-03-01,Services-Producing,Transportation & Warehousing,956.6,2019,2019-03,964.3,-0.8
2019-04-01,Services-Producing,Transportation & Warehousing,952.7,2019,2019-04,964.3,-1.2
2019-05-01,Services-Producing,Transportation & Warehousing,951.3,2019,2019-05,964.3,-1.35
2019-06-01,Services-Producing,Transportation & Warehousing,952.4,2019,2019-06,964.3,-1.23
2019-07-01,Services-Producing,Transportation & Warehousing,961.3,2019,2019-07,964.3,-0.31
2019-08-01,Services-Producing,Transportation & Warehousing,962.4,2019,2019-08,964.3,-0.2
2019-09-01,Services-Producing,Transportation & Warehousing,952.4,2019,2019-09,964.3,-1.23
2019-10-01,Services-Producing,Transportation & Warehousing,964.3,2019,2019-10,964.3,0.0
2019-11-01,Services-Producing,Transportation & Warehousing,957.7,2019,2019-11,964.3,-0.68
2019-12-01,Services-Producing,Transportation & Warehousing,960.7,2019,2019-12,964.3,-0.37
2020-01-01,Services-Producing,Transportation & Warehousing,967.7,2020,2020-01,964.3,0.35
2020-02-01,Services-Producing,Transportation & Warehousing,964.3,2020,2020-02,964.3,0.0
2020-03-01,Services-Producing,Transportation & Warehousing,929.9,2020,2020-03,964.3,-3.57
2020-04-01,Services-Producing,Transportation & Warehousing,864.5,2020,2020-04,964.3,-10.35
2020-05-01,Services-Producing,Transportation & Warehousing,887.3,2020,2020-05,964.3,-7.99
2020-06-01,Services-Producing,Transportation & Warehousing,918.1,2020,2020-06,964.3,-4.79
2020-07-01,Services-Producing,Transportation & Warehousing,935.0,2020,2020-07,964.3,-3.04
2020-08-01,Services-Producing,Transportation & Warehousing,938.9,2020,2020-08,964.3,-2.63
2020-09-01,Services-Producing,Transportation & Warehousing,945.0,2020,2020-09,964.3,-2.0
2020-10-01,Services-Producing,Transportation & Warehousing,947.9,2020,2020-10,964.3,-1.7
2020-11-01,Services-Producing,Transportation & Warehousing,948.4,2020,2020-11,964.3,-1.65
2020-12-01,Services-Producing,Transportation & Warehousing,948.2,2020,2020-12,964.3,-1.67
2021-01-01,Services-Producing,Transportation & Warehousing,956.0,2021,2021-01,964.3,-0.86
2021-02-01,Services-Producing,Transportation & Warehousing,957.3,2021,2021-02,964.3,-0.73
2021-03-01,Services-Producing,Transportation & Warehousing,950.0,2021,2021-03,964.3,-1.48
2021-04-01,Services-Producing,Transportation & Warehousing,962.0,2021,2021-04,964.3,-0.24
2021-05-01,Services-Producing,Transportation & Warehousing,954.7,2021,2021-05,964.3,-1.0
2021-06-01,Services-Producing,Transportation & Warehousing,955.3,2021,2021-06,964.3,-0.93
2021-07-01,Services-Producing,Transportation & Warehousing,958.6,2021,2021-07,964.3,-0.59
2021-08-01,Services-Producing,Transportation & Warehousing,956.3,2021,2021-08,964.3,-0.83
2021-09-01,Services-Producing,Transportation & Warehousing,959.8,2021,2021-09,964.3,-0.47
2021-10-01,Services-Producing,Transportation & Warehousing,956.6,2021,2021-10,964.3,-0.8
2021-11-01,Services-Producing,Transportation & Warehousing,952.3,2021,2021-11,964.3,-1.24
2021-12-01,Services-Producing,Transportation & Warehousing,957.9,2021,2021-12,964.3,-0.66
2022-01-01,Services-Producing,Transportation & Warehousing,956.0,2022,2022-01,964.3,-0.86
2022-02-01,Services-Producing,Transportation & Warehousing,963.4,2022,2022-02,964.3,-0.09
2022-03-01,Services-Producing,Transportation & Warehousing,964.2,2022,2022-03,964.3,-0.01
2022-04-01,Services-Producing,Transportation & Warehousing,964.8,2022,2022-04,964.3,0.05
2022-05-01,Services-Producing,Transportation & Warehousing,966.6,2022,2022-05,964.3,0.24
2022-06-01,Services-Producing,Transportation & Warehousing,959.6,2022,2022-06,964.3,-0.49
2022-07-01,Services-Producing,Transportation & Warehousing,967.4,2022,2022-07,964.3,0.32
2022-08-01,Services-Producing,Transportation & Warehousing,972.0,2022,2022-08,964.3,0.8
2022-09-01,Services-Producing,Transportation & Warehousing,973.7,2022,2022-09,964.3,0.97
2022-10-01,Services-Producing,Transportation & Warehousing,969.5,2022,2022-10,964.3,0.54
2022-11-01,Services-Producing,Transportation & Warehousing,981.9,2022,2022-11,964.3,1.83
2022-12-01,Services-Producing,Transportation & Warehousing,973.1,2022,2022-12,964.3,0.91
2023-01-01,Services-Producing,Transportation & Warehousing,983.4,2023,2023-01,964.3,1.98
2023-02-01,Services-Producing,Transportation & Warehousing,982.2,2023,2023-02,964.3,1.86
2023-03-01,Services-Producing,Transportation & Warehousing,978.5,2023,2023-03,964.3,1.47
2023-04-01,Services-Producing,Transportation & Warehousing,991.6,2023,2023-04,964.3,2.83
2023-05-01,Services-Producing,Transportation & Warehousing,978.8,2023,2023-05,964.3,1.5
2023-06-01,Services-Producing,Transportation & Warehousing,990.3,2023,2023-06,964.3,2.7
2023-07-01,Services-Producing,Transportation & Warehousing,992.2,2023,2023-07,964.3,2.89
2023-08-01,Services-Producing,Transportation & Warehousing,985.6,2023,2023-08,964.3,2.21
2023-09-01,Services-Producing,Transportation & Warehousing,996.9,2023,2023-09,964.3,3.38
2023-10-01,Services-Producing,Transportation & Warehousing,990.5,2023,2023-10,964.3,2.72
2023-11-01,Services-Producing,Transportation & Warehousing,994.5,2023,2023-11,964.3,3.13
2023-12-01,Services-Producing,Transportation & Warehousing,995.8,2023,2023-12,964.3,3.27
2024-01-01,Services-Producing,Transportation & Warehousing,995.4,2024,2024-01,964.3,3.23
2024-02-01,Services-Producing,Transportation & Warehousing,1001.3,2024,2024-02,964.3,3.84
2024-03-01,Services-Producing,Transportation & Warehousing,1002.7,2024,2024-03,964.3,3.98
2024-04-01,Services-Producing,Transportation & Warehousing,991.9,2024,2024-04,964.3,2.86
2024-05-01,Services-Producing,Transportation & Warehousing,1008.0,2024,2024-05,964.3,4.53
2024-06-01,Services-Producing,Transportation & Warehousing,995.2,2024,2024-06,964.3,3.2
2024-07-01,Services-Producing,Transportation & Warehousing,1009.6,2024,2024-07,964.3,4.7
2024-08-01,Services-Producing,Transportation & Warehousing,1011.5,2024,2024-08,964.3,4.89
2024-09-01,Services-Producing,Transportation & Warehousing,1002.3,2024,2024-09,964.3,3.94
2024-10-01,Services-Producing,Transportation & Warehousing,1007.0,2024,2024-10,964.3,4.43
2024-11-01,Services-Producing,Transportation & Warehousing,1005.1,2024,2024-11,964.3,4.23
2024-12-01,Services-Producing,Transportation & Warehousing,1010.8,2024,2024-12,964.3,4.82
2019-01-01,Services-Producing,"Finance, Insurance & Real Estate",1128.3,2019,2019-01,1131.6,-0.29
2019-02-01,Services-Producing,"Finance, Insurance & Real Estate",1134.4,2019,2019-02,1131.6,0.25
2019-03-01,Services-Producing,"Finance, Insurance & Real Estate",1137.4,2019,2019-03,1131.6,0.51
2019-04-01,Services-Producing,"Finance, Insurance & Real Estate",1137.9,2019,2019-04,1131.6,0.56
2019-05-01,Services-Producing,"Finance, Insurance & Real Estate",1126.8,2019,2019-05,1131.6,-0.42
2019-06-01,Services-Producing,"Finance, Insurance & Real Estate",1128.8,2019,2019-06,1131.6,-0.25
2019-07-01,Services-Producing,"Finance, Insurance & Real Estate",1120.5,2019,2019-07,1131.6,-0.98
2019-08-01,Services-Producing,"Finance, Insurance & Real Estate",1125.4,2019,2019-08,1131.6,-0.55
2019-09-01,Services-Producing,"Finance, Insurance & Real Estate",1135.5,2019,2019-09,1131.6,0.34
2019-10-01,Services-Producing,"Finance, Insurance & Real Estate",1139.1,2019,2019-10,1131.6,0.66
2019-11-01,Services-Producing,"Finance, Insurance & Real Estate",1123.0,2019,2019-11,1131.6,-0.76
2019-12-01,Services-Producing,"Finance, Insurance & Real Estate",1126.7,2019,2019-12,1131.6,-0.43
2020-01-01,Services-Producing,"Finance, Insurance & Real Estate",1129.9,2020,2020-01,1131.6,-0.15
2020-02-01,Services-Producing,"Finance, Insurance & Real Estate",1131.6,2020,2020-02,1131.6,0.0
2020-03-01,Services-Producing,"Finance, Insurance & Real Estate",1111.9,2020,2020-03,1131.6,-1.74
2020-04-01,Services-Producing,"Finance, Insurance & Real Estate",1089.5,2020,2020-04,1131.6,-3.72
2020-05-01,Services-Producing,"Finance, Insurance & Real Estate",1097.9,2020,2020-05,1131.6,-2.98
2020-06-01,Services-Producing,"Finance, Insurance & Real Estate",1111.8,2020,2020-06,1131.6,-1.75
2020-07-01,Services-Producing,"Finance, Insurance & Real Estate",1121.8,2020,2020-07,1131.6,-0.87
2020-08-01,Services-Producing,"Finance, Insurance & Real Estate",1122.4,2020,2020-08,1131.6,-0.81
2020-09-01,Services-Producing,"Finance, Insurance & Real Estate",1120.8,2020,2020-09,1131.6,-0.95
2020-10-01,Services-Producing,"Finance, Insurance & Real Estate",1123.5,2020,2020-10,1131.6,-0.72
2020-11-01,Services-Producing,"Finance, Insurance & Real Estate",1124.5,2020,2020-11,1131.6,-0.63
2020-12-01,Services-Producing,"Finance, Insurance & Real Estate",1123.8,2020,2020-12,1131.6,-0.69
2021-01-01,Services-Producing,"Finance, Insurance & Real Estate",1126.3,2021,2021-01,1131.6,-0.47
2021-02-01,Services-Producing,"Finance, Insurance & Real Estate",1136.8,2021,2021-02,1131.6,0.46
2021-03-01,Services-Producing,"Finance, Insurance & Real Estate",1130.9,2021,2021-03,1131.6,-0.06
2021-04-01,Services-Producing,"Finance, Insurance & Real Estate",1126.1,2021,2021-04,1131.6,-0.49
2021-05-01,Services-Producing,"Finance, Insurance & Real Estate",1131.7,2021,2021-05,1131.6,0.01
2021-06-01,Services-Producing,"Finance, Insurance & Real Estate",1125.9,2021,2021-06,1131.6,-0.5
2021-07-01,Services-Producing,"Finance, Insurance & Real Estate",1134.4,2021,2021-07,1131.6,0.25
2021-08-01,Services-Producing,"Finance, Insurance & Real Estate",1129.8,2021,2021-08,1131.6,-0.16
2021-09-01,Services-Producing,"Finance, Insurance & Real Estate",1127.1,2021,2021-09,1131.6,-0.4
2021-10-01,Services-Producing,"Finance, Insurance & Real Estate",1130.3,2021,2021-10,1131.6,-0.11
2021-11-01,Services-Producing,"Finance, Insurance & Real Estate",1118.9,2021,2021-11,1131.6,-1.12
2021-12-01,Services-Producing,"Finance, Insurance & Real Estate",1121.8,2021,2021-12,1131.6,-0.87
2022-01-01,Services-Producing,"Finance, Insurance & Real Estate",1124.9,2022,2022-01,1131.6,-0.59
2022-02-01,Services-Producing,"Finance, Insurance & Real Estate",1134.2,2022,2022-02,1131.6,0.23
2022-03-01,Services-Producing,"Finance, Insurance & Real Estate",1144.9,2022,2022-03,1131.6,1.18
2022-04-01,Services-Producing,"Finance, Insurance & Real Estate",1149.4,2022,2022-04,1131.6,1.57
2022-05-01,Services-Producing,"Finance, Insurance & Real Estate",1142.1,2022,2022-05,1131.6,0.93
2022-06-01,Services-Producing,"Finance, Insurance & Real Estate",1143.0,2022,2022-06,1131.6,1.01
2022-07-01,Services-Producing,"Finance, Insurance & Real Estate",1131.7,2022,2022-07,1131.6,0.01
2022-08-01,Services-Producing,"Finance, Insurance & Real Estate",1140.5,2022,2022-08,1131.6,0.79
2022-09-01,Services-Producing,"Finance, Insurance & Real Estate",1140.8,2022,2022-09,1131.6,0.81
2022-10-01,Services-Producing,"Finance, Insurance & Real Estate",1143.4,2022,2022-10,1131.6,1.04
2022-11-01,Services-Producing,"Finance, Insurance & Real Estate",1147.7,2022,2022-11,1131.6,1.42
2022-12-01,Services-Producing,"Finance, Insurance & Real Estate",1147.7,2022,2022-12,1131.6,1.42
2023-01-01,Services-Producing,"Finance, Insurance & Real Estate",1140.9,2023,2023-01,1131.6,0.82
2023-02-01,Services-Producing,"Finance, Insurance & Real Estate",1158.0,2023,2023-02,1131.6,2.33
2023-03-01,Services-Producing,"Finance, Insurance & Real Estate",1149.4,2023,2023-03,1131.6,1.57
2023-04-01,Services-Producing,"Finance, Insurance & Real Estate",1158.5,2023,2023-04,1131.6,2.38
2023-05-01,Services-Producing,"Finance, Insurance & Real Estate",1170.5,2023,2023-05,1131.6,3.44
2023-06-01,Services-Producing,"Finance, Insurance & Real Estate",1155.3,2023,2023-06,1131.6,2.09
2023-07-01,Services-Producing,"Finance, Insurance & Real Estate",1147.9,2023,2023-07,1131.6,1.44
2023-08-01,Services-Producing,"Finance, Insurance & Real Estate",1162.3,2023,2023-08,1131.6,2.71
2023-09-01,Services-Producing,"Finance, Insurance & Real Estate",1171.8,2023,2023-09,1131.6,3.55
2023-10-01,Services-Producing,"Finance, Insurance & Real Estate",1178.4,2023,2023-10,1131.6,4.14
2023-11-01,Services-Producing,"Finance, Insurance & Real Estate",1162.0,2023,2023-11,1131.6,2.69
2023-12-01,Services-Producing,"Finance, Insurance & Real Estate",1173.5,2023,2023-12,1131.6,3.7
2024-01-01,Services-Producing,"Finance, Insurance & Real Estate",1169.7,2024,2024-01,1131.6,3.37
2024-02-01,Services-Producing,"Finance, Insurance & Real Estate",1173.5,2024,2024-02,1131.6,3.7
2024-03-01,Services-Producing,"Finance, Insurance & Real Estate",1190.7,2024,2024-03,1131.6,5.22
2024-04-01,Services-Producing,"Finance, Insurance & Real Estate",1169.0,2024,2024-04,1131.6,3.31
2024-05-01,Services-Producing,"Finance, Insurance & Real Estate",1180.6,2024,2024-05,1131.6,4.33
2024-06-01,Services-Producing,"Finance, Insurance & Real Estate",1183.5,2024,2024-06,1131.6,4.59
2024-07-01,Services-Producing,"Finance, Insurance & Real Estate",1188.7,2024,2024-07,1131.6,5.05
2024-08-01,Services-Producing,"Finance, Insurance & Real Estate",1184.8,2024,2024-08,1131.6,4.7
2024-09-01,Services-Producing,"Finance, Insurance & Real Estate",1187.7,2024,2024-09,1131.6,4.96
2024-10-01,Services-Producing,"Finance, Insurance & Real Estate",1185.4,2024,2024-10,1131.6,4.75
2024-11-01,Services-Producing,"Finance, Insurance & Real Estate",1190.8,2024,2024-11,1131.6,5.23
2024-12-01,Services-Producing,"Finance, Insurance & Real Estate",1189.1,2024,2024-12,1131.6,5.08
2019-01-01,Services-Producing,Professional & Scientific,1454.5,2019,2019-01,1472.7,-1.24
2019-02-01,Services-Producing,Professional & Scientific,1447.3,2019,2019-02,1472.7,-1.72
2019-03-01,Services-Producing,Professional & Scientific,1452.7,2019,2019-03,1472.7,-1.36
2019-04-01,Services-Producing,Professional & Scientific,1449.8,2019,2019-04,1472.7,-1.55
2019-05-01,Services-Producing,Professional & Scientific,1458.2,2019,2019-05,1472.7,-0.98
2019-06-01,Services-Producing,Professional & Scientific,1449.6,2019,2019-06,1472.7,-1.57
2019-07-01,Services-Producing,Professional & Scientific,1437.1,2019,2019-07,1472.7,-2.42
2019-08-01,Services-Producing,Professional & Scientific,1459.1,2019,2019-08,1472.7,-0.92
2019-09-01,Services-Producing,Professional & Scientific,1443.4,2019,2019-09,1472.7,-1.99
2019-10-01,Services-Producing,Professional & Scientific,1445.3,2019,2019-10,1472.7,-1.86
2019-11-01,Services-Producing,Professional & Scientific,1445.7,2019,2019-11,1472.7,-1.83
2019-12-01,Services-Producing,Professional & Scientific,1460.0,2019,2019-12,1472.7,-0.86
2020-01-01,Services-Producing,Professional & Scientific,1434.5,2020,2020-01,1472.7,-2.59
2020-02-01,Services-Producing,Professional & Scientific,1472.7,2020,2020-02,1472.7,0.0
2020-03-01,Services-Producing,Professional & Scientific,1444.6,2020,2020-03,1472.7,-1.91
2020-04-01,Services-Producing,Professional & Scientific,1410.3,2020,2020-04,1472.7,-4.24
2020-05-01,Services-Producing,Professional & Scientific,1421.3,2020,2020-05,1472.7,-3.49
2020-06-01,Services-Producing,Professional & Scientific,1434.7,2020,2020-06,1472.7,-2.58
2020-07-01,Services-Producing,Professional & Scientific,1442.9,2020,2020-07,1472.7,-2.02
2020-08-01,Services-Producing,Professional & Scientific,1447.3,2020,2020-08,1472.7,-1.72
2020-09-01,Services-Producing,Professional & Scientific,1447.5,2020,2020-09,1472.7,-1.71
2020-10-01,Services-Producing,Professional & Scientific,1445.0,2020,2020-10,1472.7,-1.88
2020-11-01,Services-Producing,Professional & Scientific,1443.8,2020,2020-11,1472.7,-1.96
2020-12-01,Services-Producing,Professional & Scientific,1445.0,2020,2020-12,1472.7,-1.88
2021-01-01,Services-Producing,Professional & Scientific,1446.4,2021,2021-01,1472.7,-1.79
2021-02-01,Services-Producing,Professional & Scientific,1456.0,2021,2021-02,1472.7,-1.13
2021-03-01,Services-Producing,Professional & Scientific,1452.1,2021,2021-03,1472.7,-1.4
2021-04-01,Services-Producing,Professional & Scientific,1426.5,2021,2021-04,1472.7,-3.14
2021-05-01,Services-Producing,Professional & Scientific,1452.6,2021,2021-05,1472.7,-1.36
2021-06-01,Services-Producing,Professional & Scientific,1449.2,2021,2021-06,1472.7,-1.6
2021-07-01,Services-Producing,Professional & Scientific,1447.7,2021,2021-07,1472.7,-1.7
2021-08-01,Services-Producing,Professional & Scientific,1445.0,2021,2021-08,1472.7,-1.88
2021-09-01,Services-Producing,Professional & Scientific,1456.0,2021,2021-09,1472.7,-1.13
2021-10-01,Services-Producing,Professional & Scientific,1454.7,2021,2021-10,1472.7,-1.22
2021-11-01,Services-Producing,Professional & Scientific,1442.2,2021,2021-11,1472.7,-2.07
2021-12-01,Services-Producing,Professional & Scientific,1451.2,2021,2021-12,1472.7,-1.46
2022-01-01,Services-Producing,Professional & Scientific,1445.1,2022,2022-01,1472.7,-1.87
2022-02-01,Services-Producing,Professional & Scientific,1444.3,2022,2022-02,1472.7,-1.93
2022-03-01,Services-Producing,Professional & Scientific,1452.0,2022,2022-03,1472.7,-1.41
2022-04-01,Services-Producing,Professional & Scientific,1465.0,2022,2022-04,1472.7,-0.52
2022-05-01,Services-Producing,Professional & Scientific,1467.8,2022,2022-05,1472.7,-0.33
2022-06-01,Services-Producing,Professional & Scientific,1466.8,2022,2022-06,1472.7,-0.4
2022-07-01,Services-Producing,Professional & Scientific,1470.5,2022,2022-07,1472.7,-0.15
2022-08-01,Services-Producing,Professional & Scientific,1471.1,2022,2022-08,1472.7,-0.11
2022-09-01,Services-Producing,Professional & Scientific,1464.9,2022,2022-09,1472.7,-0.53
2022-10-01,Services-Producing,Professional & Scientific,1474.9,2022,2022-10,1472.7,0.15
2022-11-01,Services-Producing,Professional & Scientific,1479.7,2022,2022-11,1472.7,0.48
2022-12-01,Services-Producing,Professional & Scientific,1481.6,2022,2022-12,1472.7,0.6
2023-01-01,Services-Producing,Professional & Scientific,1486.9,2023,2023-01,1472.7,0.96
2023-02-01,Services-Producing,Professional & Scientific,1485.6,2023,2023-02,1472.7,0.88
2023-03-01,Services-Producing,Professional & Scientific,1485.2,2023,2023-03,1472.7,0.85
2023-04-01,Services-Producing,Professional & Scientific,1492.6,2023,2023-04,1472.7,1.35
2023-05-01,Services-Producing,Professional & Scientific,1486.8,2023,2023-05,1472.7,0.96
2023-06-01,Services-Producing,Professional & Scientific,1482.8,2023,2023-06,1472.7,0.69
2023-07-01,Services-Producing,Professional & Scientific,1490.1,2023,2023-07,1472.7,1.18
2023-08-01,Services-Producing,Professional & Scientific,1488.1,2023,2023-08,1472.7,1.05
2023-09-01,Services-Producing,Professional & Scientific,1490.8,2023,2023-09,1472.7,1.23
2023-10-01,Services-Producing,Professional & Scientific,1496.8,2023,2023-10,1472.7,1.64
2023-11-01,Services-Producing,Professional & Scientific,1494.3,2023,2023-11,1472.7,1.47
2023-12-01,Services-Producing,Professional & Scientific,1500.0,2023,2023-12,1472.7,1.85
2024-01-01,Services-Producing,Professional & Scientific,1490.6,2024,2024-01,1472.7,1.22
2024-02-01,Services-Producing,Professional & Scientific,1508.1,2024,2024-02,1472.7,2.4
2024-03-01,Services-Producing,Professional & Scientific,1508.7,2024,2024-03,1472.7,2.44
2024-04-01,Services-Producing,Professional & Scientific,1505.0,2024,2024-04,1472.7,2.19
2024-05-01,Services-Producing,Professional & Scientific,1517.9,2024,2024-05,1472.7,3.07
2024-06-01,Services-Producing,Professional & Scientific,1522.0,2024,2024-06,1472.7,3.35
2024-07-01,Services-Producing,Professional & Scientific,1505.8,2024,2024-07,1472.7,2.25
2024-08-01,Services-Producing,Professional & Scientific,1514.1,2024,2024-08,1472.7,2.81
2024-09-01,Services-Producing,Professional & Scientific,1516.2,2024,2024-09,1472.7,2.95
2024-10-01,Services-Producing,Professional & Scientific,1517.1,2024,2024-10,1472.7,3.01
2024-11-01,Services-Producing,Professional & Scientific,1532.1,2024,2024-11,1472.7,4.03
2024-12-01,Services-Producing,Professional & Scientific,1526.9,2024,2024-12,1472.7,3.68
2019-01-01,Services-Producing,Educational Services,1248.3,2019,2019-01,1246.9,0.11
2019-02-01,Services-Producing,Educational Services,1237.5,2019,2019-02,1246.9,-0.75
2019-03-01,Services-Producing,Educational Services,1254.0,2019,2019-03,1246.9,0.57
2019-04-01,Services-Producing,Educational Services,1242.3,2019,2019-04,1246.9,-0.37
2019-05-01,Services-Producing,Educational Services,1250.4,2019,2019-05,1246.9,0.28
2019-06-01,Services-Producing,Educational Services,1251.7,2019,2019-06,1246.9,0.38
2019-07-01,Services-Producing,Educational Services,1258.5,2019,2019-07,1246.9,0.93
2019-08-01,Services-Producing,Educational Services,1241.8,2019,2019-08,1246.9,-0.41
2019-09-01,Services-Producing,Educational Services,1231.1,2019,2019-09,1246.9,-1.27
2019-10-01,Services-Producing,Educational Services,1251.1,2019,2019-10,1246.9,0.34
2019-11-01,Services-Producing,Educational Services,1261.3,2019,2019-11,1246.9,1.15
2019-12-01,Services-Producing,Educational Services,1257.7,2019,2019-12,1246.9,0.87
2020-01-01,Services-Producing,Educational Services,1251.3,2020,2020-01,1246.9,0.35
2020-02-01,Services-Producing,Educational Services,1246.9,2020,2020-02,1246.9,0.0
2020-03-01,Services-Producing,Educational Services,1232.5,2020,2020-03,1246.9,-1.15
2020-04-01,Services-Producing,Educational Services,1172.7,2020,2020-04,1246.9,-5.95
2020-05-01,Services-Producing,Educational Services,1204.2,2020,2020-05,1246.9,-3.42
2020-06-01,Services-Producing,Educational Services,1223.2,2020,2020-06,1246.9,-1.9
2020-07-01,Services-Producing,Educational Services,1237.9,2020,2020-07,1246.9,-0.72
2020-08-01,Services-Producing,Educational Services,1254.5,2020,2020-08,1246.9,0.61
2020-09-01,Services-Producing,Educational Services,1241.2,2020,2020-09,1246.9,-0.46
2020-10-01,Services-Producing,Educational Services,1237.1,2020,2020-10,1246.9,-0.79
2020-11-01,Services-Producing,Educational Services,1241.6,2020,2020-11,1246.9,-0.43
2020-12-01,Services-Producing,Educational Services,1232.2,2020,2020-12,1246.9,-1.18
2021-01-01,Services-Producing,Educational Services,1241.9,2021,2021-01,1246.9,-0.4
2021-02-01,Services-Producing,Educational Services,1243.7,2021,2021-02,1246.9,-0.26
2021-03-01,Services-Producing,Educational Services,1243.0,2021,2021-03,1246.9,-0.31
2021-04-01,Services-Producing,Educational Services,1247.2,2021,2021-04,1246.9,0.02
2021-05-01,Services-Producing,Educational Services,1241.1,2021,2021-05,1246.9,-0.47
2021-06-01,Services-Producing,Educational Services,1253.3,2021,2021-06,1246.9,0.51
2021-07-01,Services-Producing,Educational Services,1246.3,2021,2021-07,1246.9,-0.05
2021-08-01,Services-Producing,Educational Services,1246.2,2021,2021-08,1246.9,-0.06
2021-09-01,Services-Producing,Educational Services,1244.2,2021,2021-09,1246.9,-0.22
2021-10-01,Services-Producing,Educational Services,1247.2,2021,2021-10,1246.9,0.02
2021-11-01,Services-Producing,Educational Services,1251.4,2021,2021-11,1246.9,0.36
2021-12-01,Services-Producing,Educational Services,1241.6,2021,2021-12,1246.9,-0.43
2022-01-01,Services-Producing,Educational Services,1247.8,2022,2022-01,1246.9,0.07
2022-02-01,Services-Producing,Educational Services,1251.9,2022,2022-02,1246.9,0.4
2022-03-01,Services-Producing,Educational Services,1247.2,2022,2022-03,1246.9,0.02
2022-04-01,Services-Producing,Educational Services,1252.4,2022,2022-04,1246.9,0.44
2022-05-01,Services-Producing,Educational Services,1256.4,2022,2022-05,1246.9,0.76
2022-06-01,Services-Producing,Educational Services,1266.7,2022,2022-06,1246.9,1.59
2022-07-01,Services-Producing,Educational Services,1264.8,2022,2022-07,1246.9,1.44
2022-08-01,Services-Producing,Educational Services,1266.2,2022,2022-08,1246.9,1.55
2022-09-01,Services-Producing,Educational Services,1272.2,2022,2022-09,1246.9,2.03
2022-10-01,Services-Producing,Educational Services,1267.9,2022,2022-10,1246.9,1.68
2022-11-01,Services-Producing,Educational Services,1273.1,2022,2022-11,1246.9,2.1
2022-12-01,Services-Producing,Educational Services,1271.9,2022,2022-12,1246.9,2.0
2023-01-01,Services-Producing,Educational Services,1276.0,2023,2023-01,1246.9,2.33
2023-02-01,Services-Producing,Educational Services,1272.6,2023,2023-02,1246.9,2.06
2023-03-01,Services-Producing,Educational Services,1262.9,2023,2023-03,1246.9,1.28
2023-04-01,Services-Producing,Educational Services,1279.2,2023,2023-04,1246.9,2.59
2023-05-01,Services-Producing,Educational Services,1290.8,2023,2023-05,1246.9,3.52
2023-06-01,Services-Producing,Educational Services,1289.5,2023,2023-06,1246.9,3.42
2023-07-01,Services-Producing,Educational Services,1291.7,2023,2023-07,1246.9,3.59
2023-08-01,Services-Producing,Educational Services,1295.2,2023,2023-08,1246.9,3.87
2023-09-01,Services-Producing,Educational Services,1289.9,2023,2023-09,1246.9,3.45
2023-10-01,Services-Producing,Educational Services,1292.5,2023,2023-10,1246.9,3.66
2023-11-01,Services-Producing,Educational Services,1289.3,2023,2023-11,1246.9,3.4
2023-12-01,Services-Producing,Educational Services,1293.0,2023,2023-12,1246.9,3.7
2024-01-01,Services-Producing,Educational Services,1300.7,2024,2024-01,1246.9,4.31
2024-02-01,Services-Producing,Educational Services,1306.3,2024,2024-02,1246.9,4.76
2024-03-01,Services-Producing,Educational Services,1299.8,2024,2024-03,1246.9,4.24
2024-04-01,Services-Producing,Educational Services,1299.7,2024,2024-04,1246.9,4.23
2024-05-01,Services-Producing,Educational Services,1304.4,2024,2024-05,1246.9,4.61
2024-06-01,Services-Producing,Educational Services,1310.0,2024,2024-06,1246.9,5.06
2024-07-01,Services-Producing,Educational Services,1299.1,2024,2024-07,1246.9,4.19
2024-08-01,Services-Producing,Educational Services,1295.6,2024,2024-08,1246.9,3.91
2024-09-01,Services-Producing,Educational Services,1308.4,2024,2024-09,1246.9,4.93
2024-10-01,Services-Producing,Educational Services,1306.1,2024,2024-10,1246.9,4.75
2024-11-01,Services-Producing,Educational Services,1312.4,2024,2024-11,1246.9,5.25
2024-12-01,Services-Producing,Educational Services,1316.6,2024,2024-12,1246.9,5.59
2019-01-01,Services-Producing,Health Care & Social Assistance,2394.6,2019,2019-01,2389.2,0.23
2019-02-01,Services-Producing,Health Care & Social Assistance,2417.4,2019,2019-02,2389.2,1.18
2019-03-01,Services-Producing,Health Care & Social Assistance,2403.9,2019,2019-03,2389.2,0.62
2019-04-01,Services-Producing,Health Care & Social Assistance,2403.6,2019,2019-04,2389.2,0.6
2019-05-01,Services-Producing,Health Care & Social Assistance,2407.5,2019,2019-05,2389.2,0.77
2019-06-01,Services-Producing,Health Care & Social Assistance,2386.3,2019,2019-06,2389.2,-0.12
2019-07-01,Services-Producing,Health Care & Social Assistance,2412.5,2019,2019-07,2389.2,0.98
2019-08-01,Services-Producing,Health Care & Social Assistance,2399.1,2019,2019-08,2389.2,0.41
2019-09-01,Services-Producing,Health Care & Social Assistance,2408.0,2019,2019-09,2389.2,0.79
2019-10-01,Services-Producing,Health Care & Social Assistance,2387.1,2019,2019-10,2389.2,-0.09
2019-11-01,Services-Producing,Health Care & Social Assistance,2381.4,2019,2019-11,2389.2,-0.33
2019-12-01,Services-Producing,Health Care & Social Assistance,2409.8,2019,2019-12,2389.2,0.86
2020-01-01,Services-Producing,Health Care & Social Assistance,2404.5,2020,2020-01,2389.2,0.64
2020-02-01,Services-Producing,Health Care & Social Assistance,2389.2,2020,2020-02,2389.2,0.0
2020-03-01,Services-Producing,Health Care & Social Assistance,2353.6,2020,2020-03,2389.2,-1.49
2020-04-01,Services-Producing,Health Care & Social Assistance,2299.5,2020,2020-04,2389.2,-3.75
2020-05-01,Services-Producing,Health Care & Social Assistance,2307.7,2020,2020-05,2389.2,-3.41
2020-06-01,Services-Producing,Health Care & Social Assistance,2371.7,2020,2020-06,2389.2,-0.73
2020-07-01,Services-Producing,Health Care & Social Assistance,2359.2,2020,2020-07,2389.2,-1.26
2020-08-01,Services-Producing,Health Care & Social Assistance,2387.3,2020,2020-08,2389.2,-0.08
2020-09-01,Services-Producing,Health Care & Social Assistance,2378.1,2020,2020-09,2389.2,-0.46
2020-10-01,Services-Producing,Health Care & Social Assistance,2391.6,2020,2020-10,2389.2,0.1
2020-11-01,Services-Producing,Health Care & Social Assistance,2380.3,2020,2020-11,2389.2,-0.37
2020-12-01,Services-Producing,Health Care & Social Assistance,2387.2,2020,2020-12,2389.2,-0.08
2021-01-01,Services-Producing,Health Care & Social Assistance,2394.5,2021,2021-01,2389.2,0.22
2021-02-01,Services-Producing,Health Care & Social Assistance,2382.0,2021,2021-02,2389.2,-0.3
2021-03-01,Services-Producing,Health Care & Social Assistance,2402.9,2021,2021-03,2389.2,0.57
2021-04-01,Services-Producing,Health Care & Social Assistance,2387.8,2021,2021-04,2389.2,-0.06
2021-05-01,Services-Producing,Health Care & Social Assistance,2391.3,2021,2021-05,2389.2,0.09
2021-06-01,Services-Producing,Health Care & Social Assistance,2382.1,2021,2021-06,2389.2,-0.3
2021-07-01,Services-Producing,Health Care & Social Assistance,2363.3,2021,2021-07,2389.2,-1.08
2021-08-01,Services-Producing,Health Care & Social Assistance,2391.7,2021,2021-08,2389.2,0.1
2021-09-01,Services-Producing,Health Care & Social Assistance,2423.0,2021,2021-09,2389.2,1.41
2021-10-01,Services-Producing,Health Care & Social Assistance,2403.4,2021,2021-10,2389.2,0.59
2021-11-01,Services-Producing,Health Care & Social Assistance,2393.8,2021,2021-11,2389.2,0.19
2021-12-01,Services-Producing,Health Care & Social Assistance,2392.0,2021,2021-12,2389.2,0.12
2022-01-01,Services-Producing,Health Care & Social Assistance,2403.9,2022,2022-01,2389.2,0.62
2022-02-01,Services-Producing,Health Care & Social Assistance,2413.8,2022,2022-02,2389.2,1.03
2022-03-01,Services-Producing,Health Care & Social Assistance,2396.6,2022,2022-03,2389.2,0.31
2022-04-01,Services-Producing,Health Care & Social Assistance,2427.8,2022,2022-04,2389.2,1.62
2022-05-01,Services-Producing,Health Care & Social Assistance,2426.6,2022,2022-05,2389.2,1.57
2022-06-01,Services-Producing,Health Care & Social Assistance,2430.2,2022,2022-06,2389.2,1.72
2022-07-01,Services-Producing,Health Care & Social Assistance,2430.5,2022,2022-07,2389.2,1.73
2022-08-01,Services-Producing,Health Care & Social Assistance,2429.0,2022,2022-08,2389.2,1.67
2022-09-01,Services-Producing,Health Care & Social Assistance,2440.5,2022,2022-09,2389.2,2.15
2022-10-01,Services-Producing,Health Care & Social Assistance,2443.1,2022,2022-10,2389.2,2.26
2022-11-01,Services-Producing,Health Care & Social Assistance,2435.4,2022,2022-11,2389.2,1.93
2022-12-01,Services-Producing,Health Care & Social Assistance,2436.3,2022,2022-12,2389.2,1.97
2023-01-01,Services-Producing,Health Care & Social Assistance,2448.0,2023,2023-01,2389.2,2.46
2023-02-01,Services-Producing,Health Care & Social Assistance,2469.0,2023,2023-02,2389.2,3.34
2023-03-01,Services-Producing,Health Care & Social Assistance,2439.1,2023,2023-03,2389.2,2.09
2023-04-01,Services-Producing,Health Care & Social Assistance,2440.0,2023,2023-04,2389.2,2.13
2023-05-01,Services-Producing,Health Care & Social Assistance,2463.2,2023,2023-05,2389.2,3.1
2023-06-01,Services-Producing,Health Care & Social Assistance,2465.4,2023,2023-06,2389.2,3.19
2023-07-01,Services-Producing,Health Care & Social Assistance,2470.5,2023,2023-07,2389.2,3.4
2023-08-01,Services-Producing,Health Care & Social Assistance,2474.9,2023,2023-08,2389.2,3.59
2023-09-01,Services-Producing,Health Care & Social Assistance,2472.9,2023,2023-09,2389.2,3.5
2023-10-01,Services-Producing,Health Care & Social Assistance,2497.1,2023,2023-10,2389.2,4.52
2023-11-01,Services-Producing,Health Care & Social Assistance,2463.6,2023,2023-11,2389.2,3.11
2023-12-01,Services-Producing,Health Care & Social Assistance,2476.5,2023,2023-12,2389.2,3.65
2024-01-01,Services-Producing,Health Care & Social Assistance,2488.8,2024,2024-01,2389.2,4.17
2024-02-01,Services-Producing,Health Care & Social Assistance,2473.9,2024,2024-02,2389.2,3.55
2024-03-01,Services-Producing,Health Care & Social Assistance,2495.1,2024,2024-03,2389.2,4.43
2024-04-01,Services-Producing,Health Care & Social Assistance,2520.7,2024,2024-04,2389.2,5.5
2024-05-01,Services-Producing,Health Care & Social Assistance,2504.7,2024,2024-05,2389.2,4.83
2024-06-01,Services-Producing,Health Care & Social Assistance,2510.8,2024,2024-06,2389.2,5.09
2024-07-01,Services-Producing,Health Care & Social Assistance,2496.5,2024,2024-07,2389.2,4.49
2024-08-01,Services-Producing,Health Care & Social Assistance,2507.8,2024,2024-08,2389.2,4.96
2024-09-01,Services-Producing,Health Care & Social Assistance,2514.3,2024,2024-09,2389.2,5.24
2024-10-01,Services-Producing,Health Care & Social Assistance,2518.6,2024,2024-10,2389.2,5.42
2024-11-01,Services-Producing,Health Care & Social Assistance,2541.4,2024,2024-11,2389.2,6.37
2024-12-01,Services-Producing,Health Care & Social Assistance,2536.3,2024,2024-12,2389.2,6.16
2019-01-01,Services-Producing,Accommodation & Food Services,1193.3,2019,2019-01,1200.9,-0.63
2019-02-01,Services-Producing,Accommodation & Food Services,1201.5,2019,2019-02,1200.9,0.05
2019-03-01,Services-Producing,Accommodation & Food Services,1203.0,2019,2019-03,1200.9,0.17
2019-04-01,Services-Producing,Accommodation & Food Services,1206.8,2019,2019-04,1200.9,0.49
2019-05-01,Services-Producing,Accommodation & Food Services,1209.5,2019,2019-05,1200.9,0.72
2019-06-01,Services-Producing,Accommodation & Food Services,1193.9,2019,2019-06,1200.9,-0.58
2019-07-01,Services-Producing,Accommodation & Food Services,1195.1,2019,2019-07,1200.9,-0.48
2019-08-01,Services-Producing,Accommodation & Food Services,1192.5,2019,2019-08,1200.9,-0.7
2019-09-01,Services-Producing,Accommodation & Food Services,1198.6,2019,2019-09,1200.9,-0.19
2019-10-01,Services-Producing,Accommodation & Food Services,1202.8,2019,2019-10,1200.9,0.16
2019-11-01,Services-Producing,Accommodation & Food Services,1205.9,2019,2019-11,1200.9,0.42
2019-12-01,Services-Producing,Accommodation & Food Services,1199.5,2019,2019-12,1200.9,-0.12
2020-01-01,Services-Producing,Accommodation & Food Services,1198.1,2020,2020-01,1200.9,-0.23
2020-02-01,Services-Producing,Accommodation & Food Services,1200.9,2020,2020-02,1200.9,0.0
2020-03-01,Services-Producing,Accommodation & Food Services,1115.8,2020,2020-03,1200.9,-7.09
2020-04-01,Services-Producing,Accommodation & Food Services,961.7,2020,2020-04,1200.9,-19.92
2020-05-01,Services-Producing,Accommodation & Food Services,1018.8,2020,2020-05,1200.9,-15.16
2020-06-01,Services-Producing,Accommodation & Food Services,1095.5,2020,2020-06,1200.9,-8.78
2020-07-01,Services-Producing,Accommodation & Food Services,1146.1,2020,2020-07,1200.9,-4.56
2020-08-01,Services-Producing,Accommodation & Food Services,1155.2,2020,2020-08,1200.9,-3.81
2020-09-01,Services-Producing,Accommodation & Food Services,1159.3,2020,2020-09,1200.9,-3.46
2020-10-01,Services-Producing,Accommodation & Food Services,1163.5,2020,2020-10,1200.9,-3.11
2020-11-01,Services-Producing,Accommodation & Food Services,1169.9,2020,2020-11,1200.9,-2.58
2020-12-01,Services-Producing,Accommodation & Food Services,1184.5,2020,2020-12,1200.9,-1.37
2021-01-01,Services-Producing,Accommodation & Food Services,1173.5,2021,2021-01,1200.9,-2.28
2021-02-01,Services-Producing,Accommodation & Food Services,1196.0,2021,2021-02,1200.9,-0.41
2021-03-01,Services-Producing,Accommodation & Food Services,1178.3,2021,2021-03,1200.9,-1.88
2021-04-01,Services-Producing,Accommodation & Food Services,1185.2,2021,2021-04,1200.9,-1.31
2021-05-01,Services-Producing,Accommodation & Food Services,1184.2,2021,2021-05,1200.9,-1.39
2021-06-01,Services-Producing,Accommodation & Food Services,1190.3,2021,2021-06,1200.9,-0.88
2021-07-01,Services-Producing,Accommodation & Food Services,1177.2,2021,2021-07,1200.9,-1.97
2021-08-01,Services-Producing,Accommodation & Food Services,1189.6,2021,2021-08,1200.9,-0.94
2021-09-01,Services-Producing,Accommodation & Food Services,1198.9,2021,2021-09,1200.9,-0.17
2021-10-01,Services-Producing,Accommodation & Food Services,1178.6,2021,2021-10,1200.9,-1.86
2021-11-01,Services-Producing,Accommodation & Food Services,1187.9,2021,2021-11,1200.9,-1.08
2021-12-01,Services-Producing,Accommodation & Food Services,1185.5,2021,2021-12,1200.9,-1.28
2022-01-01,Services-Producing,Accommodation & Food Services,1204.4,2022,2022-01,1200.9,0.29
2022-02-01,Services-Producing,Accommodation & Food Services,1203.7,2022,2022-02,1200.9,0.23
2022-03-01,Services-Producing,Accommodation & Food Services,1201.6,2022,2022-03,1200.9,0.06
2022-04-01,Services-Producing,Accommodation & Food Services,1210.1,2022,2022-04,1200.9,0.77
2022-05-01,Services-Producing,Accommodation & Food Services,1219.8,2022,2022-05,1200.9,1.57
2022-06-01,Services-Producing,Accommodation & Food Services,1209.7,2022,2022-06,1200.9,0.73
2022-07-01,Services-Producing,Accommodation & Food Services,1216.9,2022,2022-07,1200.9,1.33
2022-08-01,Services-Producing,Accommodation & Food Services,1206.6,2022,2022-08,1200.9,0.47
2022-09-01,Services-Producing,Accommodation & Food Services,1210.5,2022,2022-09,1200.9,0.8
2022-10-01,Services-Producing,Accommodation & Food Services,1220.8,2022,2022-10,1200.9,1.66
2022-11-01,Services-Producing,Accommodation & Food Services,1228.7,2022,2022-11,1200.9,2.31
2022-12-01,Services-Producing,Accommodation & Food Services,1223.7,2022,2022-12,1200.9,1.9
2023-01-01,Services-Producing,Accommodation & Food Services,1221.5,2023,2023-01,1200.9,1.72
2023-02-01,Services-Producing,Accommodation & Food Services,1225.2,2023,2023-02,1200.9,2.02
2023-03-01,Services-Producing,Accommodation & Food Services,1219.5,2023,2023-03,1200.9,1.55
2023-04-01,Services-Producing,Accommodation & Food Services,1232.4,2023,2023-04,1200.9,2.62
2023-05-01,Services-Producing,Accommodation & Food Services,1235.9,2023,2023-05,1200.9,2.91
2023-06-01,Services-Producing,Accommodation & Food Services,1229.7,2023,2023-06,1200.9,2.4
2023-07-01,Services-Producing,Accommodation & Food Services,1231.4,2023,2023-07,1200.9,2.54
2023-08-01,Services-Producing,Accommodation & Food Services,1237.6,2023,2023-08,1200.9,3.06
2023-09-01,Services-Producing,Accommodation & Food Services,1235.2,2023,2023-09,1200.9,2.86
2023-10-01,Services-Producing,Accommodation & Food Services,1239.2,2023,2023-10,1200.9,3.19
2023-11-01,Services-Producing,Accommodation & Food Services,1254.0,2023,2023-11,1200.9,4.42
2023-12-01,Services-Producing,Accommodation & Food Services,1241.7,2023,2023-12,1200.9,3.4
2024-01-01,Services-Producing,Accommodation & Food Services,1242.8,2024,2024-01,1200.9,3.49
2024-02-01,Services-Producing,Accommodation & Food Services,1242.9,2024,2024-02,1200.9,3.5
2024-03-01,Services-Producing,Accommodation & Food Services,1253.1,2024,2024-03,1200.9,4.35
2024-04-01,Services-Producing,Accommodation & Food Services,1249.3,2024,2024-04,1200.9,4.03
2024-05-01,Services-Producing,Accommodation & Food Services,1248.3,2024,2024-05,1200.9,3.95
2024-06-01,Services-Producing,Accommodation & Food Services,1261.9,2024,2024-06,1200.9,5.08
2024-07-01,Services-Producing,Accommodation & Food Services,1264.3,2024,2024-07,1200.9,5.28
2024-08-01,Services-Producing,Accommodation & Food Services,1254.0,2024,2024-08,1200.9,4.42
2024-09-01,Services-Producing,Accommodation & Food Services,1248.2,2024,2024-09,1200.9,3.94
2024-10-01,Services-Producing,Accommodation & Food Services,1267.2,2024,2024-10,1200.9,5.52
2024-11-01,Services-Producing,Accommodation & Food Services,1258.9,2024,2024-11,1200.9,4.83
2024-12-01,Services-Producing,Accommodation & Food Services,1269.5,2024,2024-12,1200.9,5.71
2019-01-01,Services-Producing,"Information, Culture & Recreation",802.0,2019,2019-01,810.4,-1.04
2019-02-01,Services-Producing,"Information, Culture & Recreation",813.6,2019,2019-02,810.4,0.39
2019-03-01,Services-Producing,"Information, Culture & Recreation",805.1,2019,2019-03,810.4,-0.65
2019-04-01,Services-Producing,"Information, Culture & Recreation",813.0,2019,2019-04,810.4,0.32
2019-05-01,Services-Producing,"Information, Culture & Recreation",810.1,2019,2019-05,810.4,-0.04
2019-06-01,Services-Producing,"Information, Culture & Recreation",806.1,2019,2019-06,810.4,-0.53
2019-07-01,Services-Producing,"Information, Culture & Recreation",808.4,2019,2019-07,810.4,-0.25
2019-08-01,Services-Producing,"Information, Culture & Recreation",812.8,2019,2019-08,810.4,0.3
2019-09-01,Services-Producing,"Information, Culture & Recreation",810.4,2019,2019-09,810.4,0.0
2019-10-01,Services-Producing,"Information, Culture & Recreation",812.4,2019,2019-10,810.4,0.25
2019-11-01,Services-Producing,"Information, Culture & Recreation",818.0,2019,2019-11,810.4,0.94
2019-12-01,Services-Producing,"Information, Culture & Recreation",803.7,2019,2019-12,810.4,-0.83
2020-01-01,Services-Producing,"Information, Culture & Recreation",816.5,2020,2020-01,810.4,0.75
2020-02-01,Services-Producing,"Information, Culture & Recreation",810.4,2020,2020-02,810.4,0.0
2020-03-01,Services-Producing,"Information, Culture & Recreation",762.6,2020,2020-03,810.4,-5.9
2020-04-01,Services-Producing,"Information, Culture & Recreation",666.1,2020,2020-04,810.4,-17.81
2020-05-01,Services-Producing,"Information, Culture & Recreation",714.5,2020,2020-05,810.4,-11.83
2020-06-01,Services-Producing,"Information, Culture & Recreation",755.4,2020,2020-06,810.4,-6.79
2020-07-01,Services-Producing,"Information, Culture & Recreation",773.0,2020,2020-07,810.4,-4.62
2020-08-01,Services-Producing,"Information, Culture & Recreation",791.3,2020,2020-08,810.4,-2.36
2020-09-01,Services-Producing,"Information, Culture & Recreation",782.3,2020,2020-09,810.4,-3.47
2020-10-01,Services-Producing,"Information, Culture & Recreation",791.0,2020,2020-10,810.4,-2.39
2020-11-01,Services-Producing,"Information, Culture & Recreation",788.9,2020,2020-11,810.4,-2.65
2020-12-01,Services-Producing,"Information, Culture & Recreation",798.4,2020,2020-12,810.4,-1.48
2021-01-01,Services-Producing,"Information, Culture & Recreation",806.3,2021,2021-01,810.4,-0.51
2021-02-01,Services-Producing,"Information, Culture & Recreation",801.0,2021,2021-02,810.4,-1.16
2021-03-01,Services-Producing,"Information, Culture & Recreation",792.2,2021,2021-03,810.4,-2.25
2021-04-01,Services-Producing,"Information, Culture & Recreation",803.5,2021,2021-04,810.4,-0.85
2021-05-01,Services-Producing,"Information, Culture & Recreation",804.5,2021,2021-05,810.4,-0.73
2021-06-01,Services-Producing,"Information, Culture & Recreation",804.3,2021,2021-06,810.4,-0.75
2021-07-01,Services-Producing,"Information, Culture & Recreation",807.7,2021,2021-07,810.4,-0.33
2021-08-01,Services-Producing,"Information, Culture & Recreation",798.4,2021,2021-08,810.4,-1.48
2021-09-01,Services-Producing,"Information, Culture & Recreation",805.5,2021,2021-09,810.4,-0.6
2021-10-01,Services-Producing,"Information, Culture & Recreation",807.5,2021,2021-10,810.4,-0.36
2021-11-01,Services-Producing,"Information, Culture & Recreation",795.5,2021,2021-11,810.4,-1.84
2021-12-01,Services-Producing,"Information, Culture & Recreation",805.5,2021,2021-12,810.4,-0.6
2022-01-01,Services-Producing,"Information, Culture & Recreation",809.2,2022,2022-01,810.4,-0.15
2022-02-01,Services-Producing,"Information, Culture & Recreation",812.1,2022,2022-02,810.4,0.21
2022-03-01,Services-Producing,"Information, Culture & Recreation",815.1,2022,2022-03,810.4,0.58
2022-04-01,Services-Producing,"Information, Culture & Recreation",812.9,2022,2022-04,810.4,0.31
2022-05-01,Services-Producing,"Information, Culture & Recreation",813.3,2022,2022-05,810.4,0.36
2022-06-01,Services-Producing,"Information, Culture & Recreation",817.4,2022,2022-06,810.4,0.86
2022-07-01,Services-Producing,"Information, Culture & Recreation",814.1,2022,2022-07,810.4,0.46
2022-08-01,Services-Producing,"Information, Culture & Recreation",815.3,2022,2022-08,810.4,0.6
2022-09-01,Services-Producing,"Information, Culture & Recreation",823.7,2022,2022-09,810.4,1.64
2022-10-01,Services-Producing,"Information, Culture & Recreation",817.5,2022,2022-10,810.4,0.88
2022-11-01,Services-Producing,"Information, Culture & Recreation",826.1,2022,2022-11,810.4,1.94
2022-12-01,Services-Producing,"Information, Culture & Recreation",826.5,2022,2022-12,810.4,1.99
2023-01-01,Services-Producing,"Information, Culture & Recreation",818.8,2023,2023-01,810.4,1.04
2023-02-01,Services-Producing,"Information, Culture & Recreation",824.3,2023,2023-02,810.4,1.72
2023-03-01,Services-Producing,"Information, Culture & Recreation",833.1,2023,2023-03,810.4,2.8
2023-04-01,Services-Producing,"Information, Culture & Recreation",825.5,2023,2023-04,810.4,1.86
2023-05-01,Services-Producing,"Information, Culture & Recreation",828.8,2023,2023-05,810.4,2.27
2023-06-01,Services-Producing,"Information, Culture & Recreation",833.7,2023,2023-06,810.4,2.88
2023-07-01,Services-Producing,"Information, Culture & Recreation",836.3,2023,2023-07,810.4,3.2
2023-08-01,Services-Producing,"Information, Culture & Recreation",833.3,2023,2023-08,810.4,2.83
2023-09-01,Services-Producing,"Information, Culture & Recreation",833.1,2023,2023-09,810.4,2.8
2023-10-01,Services-Producing,"Information, Culture & Recreation",842.5,2023,2023-10,810.4,3.96
2023-11-01,Services-Producing,"Information, Culture & Recreation",845.0,2023,2023-11,810.4,4.27
2023-12-01,Services-Producing,"Information, Culture & Recreation",843.1,2023,2023-12,810.4,4.04
2024-01-01,Services-Producing,"Information, Culture & Recreation",840.7,2024,2024-01,810.4,3.74
2024-02-01,Services-Producing,"Information, Culture & Recreation",838.3,2024,2024-02,810.4,3.44
2024-03-01,Services-Producing,"Information, Culture & Recreation",839.4,2024,2024-03,810.4,3.58
2024-04-01,Services-Producing,"Information, Culture & Recreation",846.1,2024,2024-04,810.4,4.41
2024-05-01,Services-Producing,"Information, Culture & Recreation",846.9,2024,2024-05,810.4,4.5
2024-06-01,Services-Producing,"Information, Culture & Recreation",852.1,2024,2024-06,810.4,5.15
2024-07-01,Services-Producing,"Information, Culture & Recreation",850.3,2024,2024-07,810.4,4.92
2024-08-01,Services-Producing,"Information, Culture & Recreation",842.8,2024,2024-08,810.4,4.0
2024-09-01,Services-Producing,"Information, Culture & Recreation",854.4,2024,2024-09,810.4,5.43
2024-10-01,Services-Producing,"Information, Culture & Recreation",847.3,2024,2024-10,810.4,4.55
2024-11-01,Services-Producing,"Information, Culture & Recreation",851.0,2024,2024-11,810.4,5.01
2024-12-01,Services-Producing,"Information, Culture & Recreation",854.8,2024,2024-12,810.4,5.48
2019-01-01,Services-Producing,Public Administration,898.9,2019,2019-01,887.3,1.31
2019-02-01,Services-Producing,Public Administration,903.8,2019,2019-02,887.3,1.86
2019-03-01,Services-Producing,Public Administration,892.7,2019,2019-03,887.3,0.61
2019-04-01,Services-Producing,Public Administration,889.2,2019,2019-04,887.3,0.21
2019-05-01,Services-Producing,Public Administration,892.4,2019,2019-05,887.3,0.57
2019-06-01,Services-Producing,Public Administration,894.0,2019,2019-06,887.3,0.76
2019-07-01,Services-Producing,Public Administration,888.6,2019,2019-07,887.3,0.15
2019-08-01,Services-Producing,Public Administration,898.0,2019,2019-08,887.3,1.21
2019-09-01,Services-Producing,Public Administration,891.0,2019,2019-09,887.3,0.42
2019-10-01,Services-Producing,Public Administration,892.2,2019,2019-10,887.3,0.55
2019-11-01,Services-Producing,Public Administration,893.0,2019,2019-11,887.3,0.64
2019-12-01,Services-Producing,Public Administration,891.9,2019,2019-12,887.3,0.52
2020-01-01,Services-Producing,Public Administration,893.7,2020,2020-01,887.3,0.72
2020-02-01,Services-Producing,Public Administration,887.3,2020,2020-02,887.3,0.0
2020-03-01,Services-Producing,Public Administration,882.2,2020,2020-03,887.3,-0.57
2020-04-01,Services-Producing,Public Administration,868.2,2020,2020-04,887.3,-2.15
2020-05-01,Services-Producing,Public Administration,880.4,2020,2020-05,887.3,-0.78
2020-06-01,Services-Producing,Public Administration,886.3,2020,2020-06,887.3,-0.11
2020-07-01,Services-Producing,Public Administration,887.6,2020,2020-07,887.3,0.03
2020-08-01,Services-Producing,Public Administration,894.4,2020,2020-08,887.3,0.8
2020-09-01,Services-Producing,Public Administration,887.3,2020,2020-09,887.3,0.0
2020-10-01,Services-Producing,Public Administration,890.7,2020,2020-10,887.3,0.38
2020-11-01,Services-Producing,Public Administration,883.2,2020,2020-11,887.3,-0.46
2020-12-01,Services-Producing,Public Administration,886.7,2020,2020-12,887.3,-0.07
2021-01-01,Services-Producing,Public Administration,892.2,2021,2021-01,887.3,0.55
2021-02-01,Services-Producing,Public Administration,892.9,2021,2021-02,887.3,0.63
2021-03-01,Services-Producing,Public Administration,887.8,2021,2021-03,887.3,0.06
2021-04-01,Services-Producing,Public Administration,888.8,2021,2021-04,887.3,0.17
2021-05-01,Services-Producing,Public Administration,882.4,2021,2021-05,887.3,-0.55
2021-06-01,Services-Producing,Public Administration,887.5,2021,2021-06,887.3,0.02
2021-07-01,Services-Producing,Public Administration,893.1,2021,2021-07,887.3,0.65
2021-08-01,Services-Producing,Public Administration,891.7,2021,2021-08,887.3,0.5
2021-09-01,Services-Producing,Public Administration,891.3,2021,2021-09,887.3,0.45
2021-10-01,Services-Producing,Public Administration,889.3,2021,2021-10,887.3,0.23
2021-11-01,Services-Producing,Public Administration,889.1,2021,2021-11,887.3,0.2
2021-12-01,Services-Producing,Public Administration,886.3,2021,2021-12,887.3,-0.11
2022-01-01,Services-Producing,Public Administration,894.4,2022,2022-01,887.3,0.8
2022-02-01,Services-Producing,Public Administration,894.5,2022,2022-02,887.3,0.81
2022-03-01,Services-Producing,Public Administration,896.2,2022,2022-03,887.3,1.0
2022-04-01,Services-Producing,Public Administration,893.0,2022,2022-04,887.3,0.64
2022-05-01,Services-Producing,Public Administration,887.1,2022,2022-05,887.3,-0.02
2022-06-01,Services-Producing,Public Administration,902.9,2022,2022-06,887.3,1.76
2022-07-01,Services-Producing,Public Administration,897.2,2022,2022-07,887.3,1.12
2022-08-01,Services-Producing,Public Administration,896.8,2022,2022-08,887.3,1.07
2022-09-01,Services-Producing,Public Administration,905.1,2022,2022-09,887.3,2.01
2022-10-01,Services-Producing,Public Administration,901.6,2022,2022-10,887.3,1.61
2022-11-01,Services-Producing,Public Administration,909.4,2022,2022-11,887.3,2.49
2022-12-01,Services-Producing,Public Administration,908.8,2022,2022-12,887.3,2.42
2023-01-01,Services-Producing,Public Administration,910.4,2023,2023-01,887.3,2.6
2023-02-01,Services-Producing,Public Administration,902.6,2023,2023-02,887.3,1.72
2023-03-01,Services-Producing,Public Administration,915.4,2023,2023-03,887.3,3.17
2023-04-01,Services-Producing,Public Administration,912.5,2023,2023-04,887.3,2.84
2023-05-01,Services-Producing,Public Administration,911.1,2023,2023-05,887.3,2.68
2023-06-01,Services-Producing,Public Administration,914.7,2023,2023-06,887.3,3.09
2023-07-01,Services-Producing,Public Administration,907.5,2023,2023-07,887.3,2.28
2023-08-01,Services-Producing,Public Administration,918.5,2023,2023-08,887.3,3.52
2023-09-01,Services-Producing,Public Administration,913.5,2023,2023-09,887.3,2.95
2023-10-01,Services-Producing,Public Administration,913.4,2023,2023-10,887.3,2.94
2023-11-01,Services-Producing,Public Administration,913.9,2023,2023-11,887.3,3.0
2023-12-01,Services-Producing,Public Administration,927.0,2023,2023-12,887.3,4.47
2024-01-01,Services-Producing,Public Administration,920.6,2024,2024-01,887.3,3.75
2024-02-01,Services-Producing,Public Administration,931.5,2024,2024-02,887.3,4.98
2024-03-01,Services-Producing,Public Administration,923.7,2024,2024-03,887.3,4.1
2024-04-01,Services-Producing,Public Administration,919.8,2024,2024-04,887.3,3.66
2024-05-01,Services-Producing,Public Administration,923.7,2024,2024-05,887.3,4.1
2024-06-01,Services-Producing,Public Administration,935.5,2024,2024-06,887.3,5.43
2024-07-01,Services-Producing,Public Administration,930.7,2024,2024-07,887.3,4.89
2024-08-01,Services-Producing,Public Administration,930.3,2024,2024-08,887.3,4.85
2024-09-01,Services-Producing,Public Administration,934.8,2024,2024-09,887.3,5.35
2024-10-01,Services-Producing,Public Administration,937.6,2024,2024-10,887.3,5.67
2024-11-01,Services-Producing,Public Administration,941.7,2024,2024-11,887.3,6.13
2024-12-01,Services-Producing,Public Administration,944.5,2024,2024-12,887.3,6.45
2019-01-01,Services-Producing,Other Services,718.7,2019,2019-01,723.7,-0.69
2019-02-01,Services-Producing,Other Services,715.2,2019,2019-02,723.7,-1.17
2019-03-01,Services-Producing,Other Services,718.5,2019,2019-03,723.7,-0.72
2019-04-01,Services-Producing,Other Services,720.9,2019,2019-04,723.7,-0.39
2019-05-01,Services-Producing,Other Services,716.5,2019,2019-05,723.7,-0.99
2019-06-01,Services-Producing,Other Services,716.6,2019,2019-06,723.7,-0.98
2019-07-01,Services-Producing,Other Services,721.2,2019,2019-07,723.7,-0.35
2019-08-01,Services-Producing,Other Services,719.8,2019,2019-08,723.7,-0.54
2019-09-01,Services-Producing,Other Services,720.1,2019,2019-09,723.7,-0.5
2019-10-01,Services-Producing,Other Services,717.3,2019,2019-10,723.7,-0.88
2019-11-01,Services-Producing,Other Services,719.2,2019,2019-11,723.7,-0.62
2019-12-01,Services-Producing,Other Services,716.7,2019,2019-12,723.7,-0.97
2020-01-01,Services-Producing,Other Services,723.2,2020,2020-01,723.7,-0.07
2020-02-01,Services-Producing,Other Services,723.7,2020,2020-02,723.7,0.0
2020-03-01,Services-Producing,Other Services,689.6,2020,2020-03,723.7,-4.71
2020-04-01,Services-Producing,Other Services,641.4,2020,2020-04,723.7,-11.37
2020-05-01,Services-Producing,Other Services,663.1,2020,2020-05,723.7,-8.37
2020-06-01,Services-Producing,Other Services,686.0,2020,2020-06,723.7,-5.21
2020-07-01,Services-Producing,Other Services,699.9,2020,2020-07,723.7,-3.29
2020-08-01,Services-Producing,Other Services,701.3,2020,2020-08,723.7,-3.1
2020-09-01,Services-Producing,Other Services,704.8,2020,2020-09,723.7,-2.61
2020-10-01,Services-Producing,Other Services,706.1,2020,2020-10,723.7,-2.43
2020-11-01,Services-Producing,Other Services,712.0,2020,2020-11,723.7,-1.62
2020-12-01,Services-Producing,Other Services,713.1,2020,2020-12,723.7,-1.46
2021-01-01,Services-Producing,Other Services,713.4,2021,2021-01,723.7,-1.42
2021-02-01,Services-Producing,Other Services,716.7,2021,2021-02,723.7,-0.97
2021-03-01,Services-Producing,Other Services,714.1,2021,2021-03,723.7,-1.33
2021-04-01,Services-Producing,Other Services,715.1,2021,2021-04,723.7,-1.19
2021-05-01,Services-Producing,Other Services,722.1,2021,2021-05,723.7,-0.22
2021-06-01,Services-Producing,Other Services,720.9,2021,2021-06,723.7,-0.39
2021-07-01,Services-Producing,Other Services,711.4,2021,2021-07,723.7,-1.7
2021-08-01,Services-Producing,Other Services,719.0,2021,2021-08,723.7,-0.65
2021-09-01,Services-Producing,Other Services,719.0,2021,2021-09,723.7,-0.65
2021-10-01,Services-Producing,Other Services,711.9,2021,2021-10,723.7,-1.63
2021-11-01,Services-Producing,Other Services,719.0,2021,2021-11,723.7,-0.65
2021-12-01,Services-Producing,Other Services,722.4,2021,2021-12,723.7,-0.18
2022-01-01,Services-Producing,Other Services,717.0,2022,2022-01,723.7,-0.93
2022-02-01,Services-Producing,Other Services,718.9,2022,2022-02,723.7,-0.66
2022-03-01,Services-Producing,Other Services,726.9,2022,2022-03,723.7,0.44
2022-04-01,Services-Producing,Other Services,725.3,2022,2022-04,723.7,0.22
2022-05-01,Services-Producing,Other Services,727.4,2022,2022-05,723.7,0.51
2022-06-01,Services-Producing,Other Services,727.7,2022,2022-06,723.7,0.55
2022-07-01,Services-Producing,Other Services,729.0,2022,2022-07,723.7,0.73
2022-08-01,Services-Producing,Other Services,723.9,2022,2022-08,723.7,0.03
2022-09-01,Services-Producing,Other Services,733.5,2022,2022-09,723.7,1.35
2022-10-01,Services-Producing,Other Services,735.0,2022,2022-10,723.7,1.56
2022-11-01,Services-Producing,Other Services,731.1,2022,2022-11,723.7,1.02
2022-12-01,Services-Producing,Other Services,732.8,2022,2022-12,723.7,1.26
2023-01-01,Services-Producing,Other Services,728.5,2023,2023-01,723.7,0.66
2023-02-01,Services-Producing,Other Services,737.0,2023,2023-02,723.7,1.84
2023-03-01,Services-Producing,Other Services,738.3,2023,2023-03,723.7,2.02
2023-04-01,Services-Producing,Other Services,737.1,2023,2023-04,723.7,1.85
2023-05-01,Services-Producing,Other Services,742.4,2023,2023-05,723.7,2.58
2023-06-01,Services-Producing,Other Services,738.2,2023,2023-06,723.7,2.0
2023-07-01,Services-Producing,Other Services,742.6,2023,2023-07,723.7,2.61
2023-08-01,Services-Producing,Other Services,737.9,2023,2023-08,723.7,1.96
2023-09-01,Services-Producing,Other Services,742.6,2023,2023-09,723.7,2.61
2023-10-01,Services-Producing,Other Services,743.1,2023,2023-10,723.7,2.68
2023-11-01,Services-Producing,Other Services,745.7,2023,2023-11,723.7,3.04
2023-12-01,Services-Producing,Other Services,744.6,2023,2023-12,723.7,2.89
2024-01-01,Services-Producing,Other Services,746.5,2024,2024-01,723.7,3.15
2024-02-01,Services-Producing,Other Services,751.1,2024,2024-02,723.7,3.79
2024-03-01,Services-Producing,Other Services,747.6,2024,2024-03,723.7,3.3
2024-04-01,Services-Producing,Other Services,744.5,2024,2024-04,723.7,2.87
2024-05-01,Services-Producing,Other Services,757.6,2024,2024-05,723.7,4.68
2024-06-01,Services-Producing,Other Services,757.4,2024,2024-06,723.7,4.66
2024-07-01,Services-Producing,Other Services,748.8,2024,2024-07,723.7,3.47
2024-08-01,Services-Producing,Other Services,757.0,2024,2024-08,723.7,4.6
2024-09-01,Services-Producing,Other Services,753.8,2024,2024-09,723.7,4.16
2024-10-01,Services-Producing,Other Services,757.7,2024,2024-10,723.7,4.7
2024-11-01,Services-Producing,Other Services,758.9,2024,2024-11,723.7,4.86
2024-12-01,Services-Producing,Other Services,758.0,2024,2024-12,723.7,4.74
